web-scraper-order,web-scraper-start-url,link_data,link_data-href,date_date,content
"1650010520-107","http://www.nhc.gov.cn/xcs/yqtb/list_gzbd.shtml","截至3月25日24时新型冠状病毒肺炎疫情最新情况","http://www.nhc.gov.cn/xcs/yqtb/202203/232b8832229d4918acbcc66e9ce630fb.shtml","2022-03-26","3月25日0—24时，31个省（自治区、直辖市）和新疆生产建设兵团报告新增确诊病例1335例。其中境外输入病例55例（四川12例，上海9例，北京7例，广东7例，广西7例，浙江6例，山西3例，山东2例，福建1例，湖南1例），含18例由无症状感染者转为确诊病例（四川9例，浙江6例，广东2例，广西1例）；本土病例1280例（吉林1122例，其中吉林市560例、长春市554例、四平市7例、白城市1例；上海38例，其中浦东新区31例、闵行区4例、徐汇区1例、普陀区1例、松江区1例；天津35例，其中西青区14例、河北区8例、北辰区4例、滨海新区4例、静海区2例、河东区1例、红桥区1例、东丽区1例；河北19例，其中廊坊市11例、唐山市7例、秦皇岛市1例；辽宁14例，其中沈阳市3例、辽阳市3例、锦州市2例、营口市2例、本溪市1例、盘锦市1例、铁岭市1例、朝阳市1例；黑龙江9例，其中哈尔滨市8例、大庆市1例；甘肃7例，其中兰州市4例、天水市3例；江苏6例，其中盐城市3例、泰州市3例；山东6例，其中滨州市5例、威海市1例；内蒙古4例，其中呼和浩特市3例、通辽市1例；福建4例，均在泉州市；广东4例，其中深圳市2例、珠海市1例、汕尾市1例；江西3例，均在南昌市；河南3例，其中周口市2例、漯河市1例；北京1例，在朝阳区；安徽1例，在芜湖市；湖南1例，在怀化市；重庆1例，在永川区；云南1例，在德宏傣族景颇族自治州；陕西1例，在宝鸡市），含72例由无症状感染者转为确诊病例（吉林43例，天津12例，上海5例，内蒙古3例，福建3例，山东2例，辽宁1例，江苏1例，安徽1例，重庆1例）。无新增死亡病例。新增疑似病例1例，为境外输入病例（在上海）。
当日新增治愈出院病例917例，解除医学观察的密切接触者23887人，重症病例与前一日持平。
境外输入现有确诊病例1095*例（其中重症病例1例），现有疑似病例13例。累计确诊病例17216例，累计治愈出院病例16121例，无死亡病例。
截至3月25日24时，据31个省（自治区、直辖市）和新疆生产建设兵团报告，现有确诊病例27312*例（其中重症病例50例），累计治愈出院病例110036例，累计死亡病例4638例，累计报告确诊病例141986例，现有疑似病例13例。累计追踪到密切接触者2177326人，尚在医学观察的密切接触者372498人。
31个省（自治区、直辖市）和新疆生产建设兵团报告新增无症状感染者4430例，其中境外输入110例，本土4320例（上海2231例，其中浦东新区1884例、闵行区202例、崇明区41例、黄浦区23例、嘉定区18例、松江区14例、青浦区13例、杨浦区11例、普陀区8例、长宁区4例、虹口区4例、宝山区4例、徐汇区2例、静安区2例、金山区1例；吉林1374例，其中吉林市967例、长春市403例、辽源市2例、四平市1例、梅河口市1例；河北184例，其中廊坊市132例、唐山市51例、秦皇岛市1例；福建157例，其中泉州市152例、福州市2例、南平市2例、漳州市1例；辽宁132例，其中沈阳市57例、营口市47例、大连市23例、丹东市2例、鞍山市1例、锦州市1例、辽阳市1例；山东75例，其中滨州市61例、潍坊市5例、泰安市4例、临沂市3例、烟台市2例；甘肃33例，其中兰州市30例、天水市3例；天津32例，其中河北区14例、西青区9例、静海区4例、河东区2例、河西区1例、东丽区1例、北辰区1例；江西25例，其中南昌市17例、赣州市3例、宜春市3例、九江市1例、抚州市1例；安徽16例，其中铜陵市9例、芜湖市4例、合肥市1例、蚌埠市1例、亳州市1例；黑龙江11例，均在哈尔滨市；云南11例，其中德宏傣族景颇族自治州8例、临沧市2例、红河哈尼族彝族自治州1例；河南10例，其中焦作市4例、漯河市3例、周口市2例、郑州市1例；广西10例，其中防城港市7例、百色市2例、桂林市1例；江苏8例，其中苏州市3例、南通市2例、泰州市2例、盐城市1例；广东7例，其中深圳市5例、东莞市2例；陕西2例，均在宝鸡市；北京1例，在东城区；浙江1例，在杭州市）；当日转为确诊病例90例（境外输入18例）；当日解除医学观察536例（境外输入140例）；尚在医学观察的无症状感染者30850例（境外输入1407例）。
累计收到港澳台地区通报确诊病例305176例。其中，香港特别行政区282631例（出院40357例，死亡6962例），澳门特别行政区82例（出院80例），台湾地区22463例（出院13742例，死亡853例）。
备注：*核增2例



 （注：媒体引用时，请标注“信息来自国家卫生健康委员会官方网站”。）
          
            
            
            
             
                分享到"
"1650010542-116","http://www.nhc.gov.cn/xcs/yqtb/list_gzbd.shtml","截至4月3日24时新型冠状病毒肺炎疫情最新情况","http://www.nhc.gov.cn/xcs/yqtb/202204/04436a4ffa274766be433cd9cff2e128.shtml","2022-04-04","4月3日0—24时，31个省（自治区、直辖市）和新疆生产建设兵团报告新增确诊病例1405例。其中境外输入病例39例（四川14例，上海8例，广东8例，北京3例，福建3例，山东1例，广西1例，云南1例），含16例由无症状感染者转为确诊病例（四川14例，广东2例）；本土病例1366例（吉林836例，其中长春市574例、吉林市244例、白城市10例、四平市5例、白山市3例；上海425例，其中浦东新区141例、闵行区65例、徐汇区34例、宝山区31例、杨浦区29例、静安区28例、普陀区21例、黄浦区16例、长宁区15例、嘉定区14例、虹口区11例、松江区8例、奉贤区5例、金山区3例、青浦区3例、崇明区1例；福建16例，其中泉州市13例、厦门市3例；黑龙江15例，其中哈尔滨市12例、大庆市2例、佳木斯市1例；江苏10例，其中盐城市7例、南京市1例、徐州市1例、宿迁市1例；四川10例，其中成都市9例、乐山市1例；浙江8例，其中宁波市3例、杭州市2例、温州市1例、嘉兴市1例、湖州市1例；青海7例，其中西宁市5例、海东市2例；山东6例，其中青岛市3例、济南市2例、烟台市1例；海南6例，其中海口市2例、三亚市2例、琼海市2例；广东5例，其中广州市4例、珠海市1例；山西4例，均在太原市；安徽4例，其中阜阳市3例、淮南市1例；江西4例，其中南昌市2例、抚州市1例、上饶市1例；河北3例，均在邯郸市；河南2例，其中郑州市1例、滑县1例；贵州2例，均在黔西南布依族苗族自治州；北京1例，在大兴区；湖南1例，在娄底市；陕西1例，在西安市），含163例由无症状感染者转为确诊病例（上海71例，吉林68例，福建11例，安徽3例，四川3例，浙江2例，山东2例，广东2例，海南1例）。无新增死亡病例。无新增疑似病例。
当日新增治愈出院病例1848例，解除医学观察的密切接触者24376人，重症病例较前一日减少3例。
境外输入现有确诊病例619例（无重症病例），现有疑似病例17例。累计确诊病例17643例，累计治愈出院病例17024例，无死亡病例。
截至4月3日24时，据31个省（自治区、直辖市）和新疆生产建设兵团报告，现有确诊病例25724例（其中重症病例54例），累计治愈出院病例125781例，累计死亡病例4638例，累计报告确诊病例156143例，现有疑似病例17例。累计追踪到密切接触者2418372人，尚在医学观察的密切接触者376115人。
31个省（自治区、直辖市）和新疆生产建设兵团报告新增无症状感染者11862例，其中境外输入91例，本土11771例（上海8581例，其中浦东新区3529例、闵行区869例、黄浦区813例、徐汇区464例、宝山区431例、嘉定区410例、杨浦区344例、静安区315例、普陀区304例、松江区258例、青浦区217例、虹口区178例、崇明区143例、奉贤区117例、金山区99例、长宁区90例；吉林2742例，其中长春市2346例、吉林市393例、白城市2例、白山市1例；河北108例，其中邯郸市54例、保定市53例、邢台市1例；安徽69例，其中淮南市51例、阜阳市13例、芜湖市3例、合肥市1例、马鞍山市1例；江苏49例，其中宿迁市19例、苏州市11例、盐城市10例、南通市6例、徐州市3例；辽宁39例，其中沈阳市30例、营口市7例、鞍山市2例；江西39例，其中南昌市33例、抚州市3例、上饶市3例；福建26例，其中泉州市25例、福州市1例；海南21例，其中三亚市20例、海口市1例；河南20例，其中周口市13例、郑州市3例、永城市3例、信阳市1例；山东13例，其中临沂市6例、枣庄市3例、济南市2例、菏泽市2例；浙江10例，其中嘉兴市6例、温州市2例、杭州市1例、宁波市1例；黑龙江9例，其中佳木斯市5例、哈尔滨市4例；湖北9例，其中随州市4例、黄石市2例、荆州市2例、武汉市1例；广东9例，其中东莞市4例、广州市2例、珠海市1例、佛山市1例、肇庆市1例；四川9例，其中成都市4例、乐山市3例、资阳市1例、凉山彝族自治州1例；新疆6例，其中巴音郭楞蒙古自治州4例、乌鲁木齐市2例；云南3例，其中德宏傣族景颇族自治州2例、昆明市1例；甘肃3例，均在兰州市；天津2例，均在南开区；湖南2例，均在长沙市；山西1例，在太原市；重庆1例，在南岸区）；当日转为确诊病例179例（境外输入16例）；当日解除医学观察2008例（境外输入116例）；尚在医学观察的无症状感染者83364例（境外输入1064例）。
累计收到港澳台地区通报确诊病例329770例。其中，香港特别行政区305375例（出院50964例，死亡8172例），澳门特别行政区82例（出院82例），台湾地区24313例（出院13742例，死亡853例）。



（注：媒体引用时，请标注“信息来自国家卫生健康委员会官方网站”。）
          
            
            
            
             
                分享到"
"1650010531-112","http://www.nhc.gov.cn/xcs/yqtb/list_gzbd.shtml","截至3月30日24时新型冠状病毒肺炎疫情最新情况","http://www.nhc.gov.cn/xcs/yqtb/202203/8165885c08f747b7b5a4e87a6a7d1eba.shtml","2022-03-31","3月30日0—24时，31个省（自治区、直辖市）和新疆生产建设兵团报告新增确诊病例1839例。其中境外输入病例36例（四川18例，广西8例，上海3例，广东3例，北京2例，浙江2例），含19例由无症状感染者转为确诊病例（四川17例，浙江2例）；本土病例1803例（吉林1340例，其中长春市997例、吉林市333例、四平市6例、白城市4例；上海355例，其中浦东新区252例、闵行区17例、黄浦区16例、徐汇区14例、嘉定区9例、长宁区8例、静安区8例、松江区8例、奉贤区7例、普陀区6例、青浦区5例、杨浦区3例、虹口区1例、宝山区1例；黑龙江19例，其中佳木斯市11例、哈尔滨市5例、牡丹江市2例、绥化市1例；河南15例，均在周口市；福建11例，其中泉州市8例、厦门市2例、宁德市1例；广东11例，其中深圳市6例、东莞市3例、广州市1例、珠海市1例；浙江10例，其中嘉兴市4例、宁波市3例、杭州市1例、湖州市1例、绍兴市1例；辽宁9例，其中沈阳市7例、营口市2例；河北5例，其中廊坊市3例、唐山市1例、保定市1例；江苏5例，其中盐城市2例、无锡市1例、镇江市1例、泰州市1例；天津4例，其中西青区3例、静海区1例；四川3例，其中乐山市2例、遂宁市1例；山西2例，均在忻州市；山东2例，其中济南市1例、菏泽市1例；湖南2例，其中衡阳市1例、湘西土家族苗族自治州1例；海南2例，均在海口市；重庆2例，其中南岸区1例、云阳县1例；云南2例，其中曲靖市1例、普洱市1例；内蒙古1例，在赤峰市；安徽1例，在淮南市；江西1例，在南昌市；新疆1例，在乌鲁木齐市），含56例由无症状感染者转为确诊病例（吉林20例，上海16例，福建6例，黑龙江3例，浙江3例，天津2例，辽宁2例，山西1例，内蒙古1例，江苏1例，重庆1例）。无新增死亡病例。新增疑似病例2例，均为境外输入病例（均在上海）。
当日新增治愈出院病例1403例，解除医学观察的密切接触者24470人，重症病例较前一日增加4例。
境外输入现有确诊病例756例（无重症病例），现有疑似病例18例。累计确诊病例17470例，累计治愈出院病例16714例，无死亡病例。
截至3月30日24时，据31个省（自治区、直辖市）和新疆生产建设兵团报告，现有确诊病例28599例（其中重症病例66例），累计治愈出院病例116039例，累计死亡病例4638例，累计报告确诊病例149276例，现有疑似病例18例。累计追踪到密切接触者2306745人，尚在医学观察的密切接触者367516人。
31个省（自治区、直辖市）和新疆生产建设兵团报告新增无症状感染者6720例，其中境外输入69例，本土6651例（上海5298例，其中浦东新区1949例、闵行区761例、宝山区506例、徐汇区385例、黄浦区347例、松江区240例、崇明区195例、嘉定区151例、普陀区142例、奉贤区123例、长宁区122例、杨浦区96例、静安区92例、虹口区83例、青浦区73例、金山区33例；吉林835例，其中长春市422例、吉林市408例、白山市3例、四平市1例、白城市1例；福建129例，其中泉州市121例、厦门市3例、莆田市3例、福州市1例、宁德市1例；河北78例，其中唐山市49例、廊坊市27例、秦皇岛市1例、保定市1例；安徽66例，其中淮南市50例、芜湖市9例、阜阳市3例、马鞍山市2例、蚌埠市1例、铜陵市1例；辽宁42例，其中沈阳市26例、营口市7例、大连市3例、葫芦岛市3例、辽阳市2例、鞍山市1例；江苏41例，其中苏州市18例、徐州市10例、无锡市4例、南通市4例、宿迁市3例、南京市1例、镇江市1例；山东25例，其中滨州市11例、枣庄市6例、济南市5例、潍坊市1例、威海市1例、临沂市1例；新疆23例，其中巴音郭楞蒙古自治州20例、昌吉回族自治州3例；黑龙江21例，其中佳木斯市12例、哈尔滨市5例、伊春市2例、绥化市2例；河南19例，其中周口市14例、驻马店市3例、郑州市1例、新乡市1例；浙江17例，其中嘉兴市9例、杭州市4例、宁波市2例、丽水市2例；江西11例，其中南昌市8例、九江市2例、赣州市1例；广西11例，其中防城港市6例、百色市3例、南宁市2例；广东8例，其中东莞市5例、深圳市3例；甘肃8例，均在兰州市；湖北5例，其中孝感市3例、襄阳市1例、黄冈市1例；云南5例，其中德宏傣族景颇族自治州2例、昆明市1例、临沧市1例、红河哈尼族彝族自治州1例；湖南3例，均在长沙市；天津2例，其中河东区1例、西青区1例；海南2例，均在海口市；山西1例，在长治市；贵州1例，在六盘水市）；当日转为确诊病例75例（境外输入19例）；当日解除医学观察1155例（境外输入115例）；尚在医学观察的无症状感染者54911例（境外输入1202例）。
累计收到港澳台地区通报确诊病例309023例。其中，香港特别行政区285786例（出院45765例，死亡7706例），澳门特别行政区82例（出院81例），台湾地区23155例（出院13742例，死亡853例）。
 
 （注：媒体引用时，请标注“信息来自国家卫生健康委员会官方网站”。）
          
            
            
            
             
                分享到"
"1650010554-122","http://www.nhc.gov.cn/xcs/yqtb/list_gzbd.shtml","截至4月9日24时新型冠状病毒肺炎疫情最新情况","http://www.nhc.gov.cn/xcs/yqtb/202204/63e96fcb72c041f0b5db313c80107c63.shtml","2022-04-10","4月9日0—24时，31个省（自治区、直辖市）和新疆生产建设兵团报告新增确诊病例1351例。其中境外输入病例33例（上海9例，广东7例，广西5例，四川4例，福建3例，北京1例，天津1例，辽宁1例，山东1例，云南1例），含1例由无症状感染者转为确诊病例（在广东）；本土病例1318例（上海1006例，其中浦东新区513例、黄浦区103例、闵行区86例、金山区45例、徐汇区43例、宝山区35例、杨浦区32例、长宁区29例、普陀区25例、静安区24例、嘉定区21例、奉贤区13例、虹口区12例、松江区10例、青浦区9例、崇明区6例；吉林242例，其中长春市175例、吉林市65例、白城市2例；浙江16例，其中杭州市7例、嘉兴市5例、宁波市3例、丽水市1例；广东10例，均在广州市；福建9例，其中泉州市8例、宁德市1例；海南6例，均在三亚市；山西5例，均在太原市；江苏5例，其中南京市3例、徐州市1例、苏州市1例；北京3例，其中朝阳区2例、顺义区1例；河北3例，其中邯郸市2例、承德市1例；江西3例，均在南昌市；山东3例，其中济南市2例、济宁市1例；四川2例，均在成都市；陕西2例，均在西安市；辽宁1例，在沈阳市；黑龙江1例，在牡丹江市；湖北1例，在恩施土家族苗族自治州），含306例由无症状感染者转为确诊病例（上海191例，吉林90例，浙江10例，福建5例，海南4例，山西2例，辽宁1例，山东1例，广东1例，四川1例）。无新增死亡病例。无新增疑似病例。
当日新增治愈出院病例1948例，解除医学观察的密切接触者27745人，重症病例较前一日增加1例。
境外输入现有确诊病例429例（无重症病例），现有疑似病例28例。累计确诊病例17861例，累计治愈出院病例17432例，无死亡病例。
截至4月9日24时，据31个省（自治区、直辖市）和新疆生产建设兵团报告，现有确诊病例22589例（其中重症病例80例），累计治愈出院病例137166例，累计死亡病例4638例，累计报告确诊病例164393例，现有疑似病例28例。累计追踪到密切接触者2656970人，尚在医学观察的密切接触者453555人。
31个省（自治区、直辖市）和新疆生产建设兵团报告新增无症状感染者25111例，其中境外输入74例，本土25037例（上海23937例，其中浦东新区10600例、闵行区4461例、宝山区2207例、徐汇区1109例、杨浦区1037例、长宁区811例、普陀区629例、静安区575例、青浦区549例、松江区490例、黄浦区447例、虹口区360例、嘉定区352例、崇明区172例、奉贤区113例、金山区25例；吉林755例，其中长春市703例、吉林市50例、白城市2例；河北84例，其中邯郸市52例、保定市31例、定州1例；江苏65例，其中苏州市22例、南通市17例、宿迁市9例、镇江市7例、南京市6例、徐州市2例、无锡市1例、盐城市1例；安徽44例，其中阜阳市32例、六安市10例、淮南市2例；浙江32例，其中嘉兴市19例、杭州市10例、金华市3例；江西26例，其中南昌市25例、九江市1例；山东18例，其中济南市11例、临沂市5例、潍坊市1例、威海市1例；湖北16例，其中武汉市10例、随州市3例、黄冈市2例、恩施土家族苗族自治州1例；广东13例，其中佛山市8例、深圳市4例、广州市1例；辽宁12例，其中沈阳市9例、锦州市2例、阜新市1例；广西7例，均在防城港市；河南5例，其中周口市2例、安阳市1例、许昌市1例、永城市1例；新疆5例，均在乌鲁木齐市；山西4例，其中太原市3例、阳泉市1例；福建4例，其中宁德市3例、泉州市1例；海南3例，均在三亚市；云南3例，其中普洱市1例、文山壮族苗族自治州1例、德宏傣族景颇族自治州1例；四川2例，其中成都市1例、遂宁市1例；天津1例，在西青区；黑龙江1例，在牡丹江市）；当日转为确诊病例307例（境外输入1例）；当日解除医学观察2871例（境外输入78例）；尚在医学观察的无症状感染者195948例（境外输入927例）。
累计收到港澳台地区通报确诊病例335093例。其中，香港特别行政区308175例（出院57992例，死亡8705例），澳门特别行政区82例（出院82例），台湾地区26836例（出院13742例，死亡854例）。



（注：媒体引用时，请标注“信息来自国家卫生健康委员会官方网站”。）
          
            
            
            
             
                分享到"
"1650010536-114","http://www.nhc.gov.cn/xcs/yqtb/list_gzbd.shtml","截至4月1日24时新型冠状病毒肺炎疫情最新情况","http://www.nhc.gov.cn/xcs/yqtb/202204/fbfcdb49a6784a97849d71fe8ce222a6.shtml","2022-04-02","4月1日0—24时，31个省（自治区、直辖市）和新疆生产建设兵团报告新增确诊病例2129例。其中境外输入病例43例（四川22例，北京8例，广东4例，上海2例，山东2例，广西2例，辽宁1例，浙江1例，云南1例），含22例由无症状感染者转为确诊病例（四川20例，浙江1例，广东1例）；本土病例2086例（吉林1730例，其中长春市1544例、吉林市178例、四平市6例、白城市2例；上海260例，其中浦东新区79例、闵行区56例、徐汇区35例、松江区19例、普陀区12例、静安区11例、杨浦区11例、宝山区10例、嘉定区10例、黄浦区8例、虹口区3例、金山区3例、奉贤区2例、崇明区1例；黑龙江21例，其中哈尔滨市16例、佳木斯市5例；浙江14例，其中杭州市3例、金华市3例、宁波市3例、湖州市2例、温州市1例、嘉兴市1例、台州市1例；福建13例，其中泉州市10例、厦门市2例、漳州市1例；江苏12例，其中徐州市9例、无锡市1例、淮安市1例、镇江市1例；山东8例，其中济南市2例、日照市2例、青岛市1例、烟台市1例、威海市1例、德州市1例；海南8例，其中海口市5例、三亚市1例、琼海市1例、陵水黎族自治县1例；辽宁4例，其中沈阳市3例、大连市1例；江西3例，其中南昌市2例、上饶市1例；湖南3例，其中长沙市1例、衡阳市1例、益阳市1例；河北2例，均在保定市；四川2例，其中成都市1例、乐山市1例；青海2例，均在海东市；天津1例，在河东区；安徽1例，在淮南市；河南1例，在信阳市；云南1例，在德宏傣族景颇族自治州），含44例由无症状感染者转为确诊病例（吉林20例，福建10例，山东4例，浙江3例，上海2例，天津1例，江苏1例，海南1例，四川1例，云南1例）。无新增死亡病例。无新增疑似病例。
当日新增治愈出院病例4307例，解除医学观察的密切接触者34977人，重症病例较前一日减少8例。
境外输入现有确诊病例661例（无重症病例），现有疑似病例19例。累计确诊病例17553例，累计治愈出院病例16892例，无死亡病例。
截至4月1日24时，据31个省（自治区、直辖市）和新疆生产建设兵团报告，现有确诊病例27128例（其中重症病例58例），累计治愈出院病例121466例，累计死亡病例4638例，累计报告确诊病例153232例，现有疑似病例19例。累计追踪到密切接触者2363645人，尚在医学观察的密切接触者369331人。
31个省（自治区、直辖市）和新疆生产建设兵团报告新增无症状感染者7869例，其中境外输入80例，本土7789例（上海6051例，其中浦东新区2518例、闵行区972例、徐汇区594例、松江区488例、黄浦区242例、普陀区236例、嘉定区191例、静安区178例、奉贤区160例、杨浦区124例、青浦区87例、崇明区83例、虹口区57例、金山区47例、长宁区38例、宝山区36例；吉林1244例，其中长春市894例、吉林市349例、四平市1例；福建68例，其中泉州市62例、福州市4例、宁德市2例；河北66例，其中邯郸市48例、唐山市8例、廊坊市5例、保定市4例、沧州市1例；安徽55例，其中淮南市35例、芜湖市11例、阜阳市5例、合肥市3例、滁州市1例；江苏54例，其中苏州市16例、徐州市12例、南通市10例、宿迁市7例、镇江市6例、南京市1例、盐城市1例、泰州市1例；辽宁52例，其中沈阳市44例、营口市5例、葫芦岛市2例、大连市1例；江西41例，其中南昌市38例、吉安市2例、抚州市1例；黑龙江29例，其中佳木斯市13例、哈尔滨市8例、黑河市8例；山东27例，其中枣庄市5例、济南市4例、聊城市4例、滨州市4例、临沂市3例、青岛市2例、日照市2例、济宁市1例、泰安市1例、德州市1例；广东22例，其中肇庆市12例、东莞市6例、深圳市2例、珠海市1例、佛山市1例；河南17例，其中周口市11例、永城市3例、漯河市1例、商丘市1例、信阳市1例；浙江14例，其中嘉兴市6例、杭州市3例、温州市2例、丽水市2例、绍兴市1例；湖北11例，其中随州市5例、武汉市2例、黄石市2例、孝感市2例；甘肃9例，均在兰州市；新疆9例，其中巴音郭楞蒙古自治州8例、乌鲁木齐市1例；广西6例，其中防城港市2例、百色市2例、南宁市1例、北海市1例；海南6例，其中三亚市4例、海口市1例、琼海市1例；云南6例，其中红河哈尼族彝族自治州2例、德宏傣族景颇族自治州2例、昆明市1例、曲靖市1例；重庆2例，其中南岸区1例、云阳县1例）；当日转为确诊病例66例（境外输入22例）；当日解除医学观察2973例（境外输入122例）；尚在医学观察的无症状感染者63886例（境外输入1118例）。
累计收到港澳台地区通报确诊病例321948例。其中，香港特别行政区298237例（出院48654例，死亡7945例），澳门特别行政区82例（出院82例），台湾地区23629例（出院13742例，死亡853例）。



（注：媒体引用时，请标注“信息来自国家卫生健康委员会官方网站”。）
          
            
            
            
             
                分享到"
"1650010546-118","http://www.nhc.gov.cn/xcs/yqtb/list_gzbd.shtml","截至4月5日24时新型冠状病毒肺炎疫情最新情况","http://www.nhc.gov.cn/xcs/yqtb/202204/d3417d60907f4eed9de9f8494f18922b.shtml","2022-04-06","4月5日0—24时，31个省（自治区、直辖市）和新疆生产建设兵团报告新增确诊病例1415例。其中境外输入病例32例（四川14例，广东5例，上海4例，广西4例，天津1例，福建1例，山东1例，重庆1例，云南1例），含17例由无症状感染者转为确诊病例（四川13例，广西2例，广东1例，云南1例）；本土病例1383例（吉林973例，其中长春市817例、吉林市136例、白城市11例、四平市5例、白山市4例；上海311例，其中浦东新区162例、徐汇区23例、闵行区23例、黄浦区16例、松江区14例、静安区12例、杨浦区11例、嘉定区11例、虹口区8例、普陀区7例、宝山区7例、长宁区6例、青浦区6例、奉贤区2例、崇明区2例、金山区1例；浙江17例，其中嘉兴市10例、宁波市4例、绍兴市3例；海南10例，其中三亚市9例、海口市1例；四川10例，均在成都市；山西8例，其中太原市7例、运城市1例；黑龙江8例，其中牡丹江市4例、哈尔滨市2例、大庆市2例；辽宁7例，均在鞍山市；福建7例，均在泉州市；广东7例，其中茂名市3例、广州市2例、湛江市1例、肇庆市1例；河北6例，其中邯郸市5例、雄安新区1例；北京4例，其中顺义区3例、朝阳区1例；山东4例，均在济南市；天津3例，其中西青区2例、河北区1例；江苏3例，均在镇江市；江西2例，均在南昌市；湖南1例，在娄底市；云南1例，在德宏傣族景颇族自治州；陕西1例，在西安市），含127例由无症状感染者转为确诊病例（吉林65例，上海40例，福建7例，浙江4例，天津2例，山西2例，广东2例，四川2例，辽宁1例，江苏1例，海南1例）。无新增死亡病例。无新增疑似病例。
当日新增治愈出院病例1910例，解除医学观察的密切接触者22416人，重症病例较前一日增加12例。
境外输入现有确诊病例541例（无重症病例），现有疑似病例16例。累计确诊病例17737例，累计治愈出院病例17196例，无死亡病例。
截至4月5日24时，据31个省（自治区、直辖市）和新疆生产建设兵团报告，现有确诊病例24565例（其中重症病例75例），累计治愈出院病例129590例，累计死亡病例4638例，累计报告确诊病例158793例，现有疑似病例16例。累计追踪到密切接触者2498126人，尚在医学观察的密切接触者405535人。
31个省（自治区、直辖市）和新疆生产建设兵团报告新增无症状感染者19199例，其中境外输入110例，本土19089例（上海16766例，其中浦东新区7892例、闵行区2917例、徐汇区902例、松江区787例、黄浦区647例、杨浦区615例、宝山区548例、普陀区482例、嘉定区480例、虹口区403例、青浦区394例、静安区305例、奉贤区151例、长宁区86例、金山区81例、崇明区76例；吉林1798例，其中长春市1682例、吉林市112例、四平市2例、白城市2例；河北103例，其中邯郸市78例、保定市21例、石家庄市4例；江苏74例，其中宿迁市32例、苏州市23例、南通市13例、徐州市4例、无锡市1例、盐城市1例；安徽56例，其中淮南市36例、六安市10例、阜阳市8例、芜湖市1例、黄山市1例；浙江50例，其中嘉兴市39例、杭州市10例、金华市1例；山东45例，其中潍坊市13例、威海市12例、济南市10例、临沂市7例、青岛市2例、菏泽市1例；辽宁43例，其中沈阳市30例、鞍山市12例、锦州市1例；江西33例，其中南昌市28例、上饶市5例；河南33例，其中周口市30例、许昌市1例、南阳市1例、永城市1例；福建22例，均在泉州市；海南22例，均在三亚市；新疆7例，其中乌鲁木齐市4例、昌吉回族自治州2例、巴音郭楞蒙古自治州1例；湖北6例，其中黄石市2例、随州市2例、武汉市1例、鄂州市1例；天津5例，其中河东区2例、西青区2例、津南区1例；四川4例，其中成都市3例、南充市1例；云南4例，均在德宏傣族景颇族自治州；黑龙江3例，其中哈尔滨市1例、大庆市1例、佳木斯市1例；广东3例，其中广州市1例、茂名市1例、东莞市1例；山西2例，均在运城市；广西2例，其中防城港市1例、百色市1例；贵州2例，均在黔西南布依族苗族自治州；青海2例，均在西宁市；北京1例，在顺义区；湖南1例，在娄底市；陕西1例，在宝鸡市；甘肃1例，在兰州市）；当日转为确诊病例144例（境外输入17例）；当日解除医学观察1908例（境外输入106例）；尚在医学观察的无症状感染者113950例（境外输入1013例）。
累计收到港澳台地区通报确诊病例331337例。其中，香港特别行政区306389例（出院52793例，死亡8349例），澳门特别行政区82例（出院82例），台湾地区24866例（出院13742例，死亡853例）。





（注：媒体引用时，请标注“信息来自国家卫生健康委员会官方网站”。）

          
            
            
            
             
                分享到"
"1650010518-106","http://www.nhc.gov.cn/xcs/yqtb/list_gzbd.shtml","截至3月24日24时新型冠状病毒肺炎疫情最新情况","http://www.nhc.gov.cn/xcs/yqtb/202203/8a138fb1f4bf409c9e81bcbc5f30db0e.shtml","2022-03-25","3月24日0—24时，31个省（自治区、直辖市）和新疆生产建设兵团报告新增确诊病例1366例。其中境外输入病例65例（广西23例，上海12例，广东11例，四川6例，北京5例，山西3例，吉林2例，江苏1例，浙江1例，福建1例），含11例由无症状感染者转为确诊病例（四川5例，广东3例，吉林2例，浙江1例）；本土病例1301例（吉林1110例，其中长春市576例、吉林市528例、四平市6例；上海27例，其中浦东新区10例、静安区8例、宝山区3例、徐汇区2例、普陀区2例、杨浦区1例、嘉定区1例；天津25例，其中西青区13例、河北区6例、河东区2例、红桥区1例、东丽区1例、北辰区1例、滨海新区1例；河北24例，其中廊坊市23例、定州市1例；黑龙江23例，均在哈尔滨市；江西23例，其中南昌市20例、九江市3例；福建17例，均在泉州市；山东13例，其中滨州市8例、济南市2例、威海市2例、青岛市1例；河南10例，其中周口市4例、漯河市3例、焦作市2例、开封市1例；辽宁9例，其中沈阳市3例、大连市2例、营口市2例、辽阳市1例、葫芦岛市1例；广东4例，其中深圳市2例、东莞市1例、中山市1例；甘肃4例，均在兰州市；浙江3例，其中杭州市1例、嘉兴市1例、衢州市1例；云南3例，其中德宏傣族景颇族自治州2例、临沧市1例；陕西3例，均在宝鸡市；安徽1例，在芜湖市；湖南1例，在长沙市；贵州1例，在黔东南苗族侗族自治州），含121例*由无症状感染者转为确诊病例（吉林91例*，江西15例，天津3例，辽宁3例，浙江3例，山东3例，福建1例，河南1例，广东1例）。无新增死亡病例。新增疑似病例5例，其中境外输入病例2例（均在上海），本土病例3例（均在上海）。
当日新增治愈出院病例725例，解除医学观察的密切接触者21923人，重症病例与前一日持平。
境外输入现有确诊病例1182例（其中重症病例1例），现有疑似病例13例。累计确诊病例17161例，累计治愈出院病例15977例，累计死亡病例0例。
截至3月24日24时，据31个省（自治区、直辖市）和新疆生产建设兵团报告，现有确诊病例26892例（其中重症病例50例），累计治愈出院病例109119例，累计死亡病例4638例，累计报告确诊病例140651例，现有疑似病例16例。累计追踪到密切接触者2152648人，尚在医学观察的密切接触者371757人。
31个省（自治区、直辖市）和新疆生产建设兵团报告新增无症状感染者3622例，其中境外输入133例，本土3489例（上海1582例，其中闵行区489例、浦东新区183例、徐汇区165例、嘉定区129例、黄浦区102例、松江区92例、宝山区84例、崇明区82例、静安区63例、长宁区59例、普陀区36例、虹口区29例、奉贤区24例、杨浦区20例、青浦区13例、金山区12例；吉林900例，其中吉林市608例、长春市290例、延边朝鲜族自治州2例；河北288例，其中廊坊市229例、唐山市59例；辽宁180例，其中沈阳市95例、营口市50例、大连市31例、锦州市2例、辽阳市2例；福建153例，其中泉州市151例、福州市1例、漳州市1例；山东140例，其中滨州市124例、青岛市4例、淄博市3例、潍坊市3例、烟台市2例、临沂市2例、威海市1例、聊城市1例；江西61例，其中南昌市56例、宜春市3例、九江市1例、上饶市1例；天津42例，其中西青区21例、河北区11例、东丽区5例、静海区3例、南开区1例、滨海新区1例；甘肃29例，其中兰州市25例、天水市3例、临夏回族自治州1例；江苏25例，其中常州市14例、苏州市5例、南通市3例、南京市2例、盐城市1例；安徽24例，其中铜陵市19例、合肥市2例、芜湖市2例、安庆市1例；广西17例，其中防城港市12例、钦州市2例、贵港市2例、崇左市1例；云南15例，其中德宏傣族景颇族自治州13例、临沧市2例；黑龙江13例，其中哈尔滨市12例、黑河市1例；河南12例，其中焦作市5例、周口市5例、安阳市1例、漯河市1例；广东7例，其中东莞市6例、深圳市1例；浙江1例，在衢州市）；当日转为确诊病例132例（境外输入11例）；当日解除医学观察507例（境外输入165例）；尚在医学观察的无症状感染者27046例*（境外输入1455例）。
累计收到港澳台地区通报确诊病例304418例。其中，香港特别行政区282009例（出院38964例，死亡6770例），澳门特别行政区82例（出院80例），台湾地区22327例（出院13742例，死亡853例）。
 
*吉林核增1例



（注：媒体引用时，请标注“信息来自国家卫生健康委员会官方网站”。）
 
          
            
            
            
             
                分享到"
"1650010544-117","http://www.nhc.gov.cn/xcs/yqtb/list_gzbd.shtml","截至4月4日24时新型冠状病毒肺炎疫情最新情况","http://www.nhc.gov.cn/xcs/yqtb/202204/44054290c5fd40d899c6f9a316fecf26.shtml","2022-04-05","4月4日0—24时，31个省（自治区、直辖市）和新疆生产建设兵团报告新增确诊病例1235例。其中境外输入病例62例（四川34例，山东6例，广东6例，广西5例，上海3例，河南3例，北京2例，福建2例，天津1例），含21例由无症状感染者转为确诊病例（四川14例，河南3例，天津1例，福建1例，广东1例，广西1例）；本土病例1173例（吉林792例，其中长春市604例、吉林市175例、白城市10例、白山市2例、四平市1例；上海268例，其中浦东新区204例、闵行区12例、黄浦区10例、杨浦区10例、徐汇区7例、松江区6例、普陀区4例、虹口区4例、嘉定区4例、宝山区2例、奉贤区2例、长宁区1例、静安区1例、青浦区1例；黑龙江17例，其中哈尔滨市13例、牡丹江市4例；浙江17例，其中嘉兴市9例、湖州市4例、宁波市3例、温州市1例；山东14例，其中济南市11例、青岛市3例；四川12例，其中成都市10例、乐山市2例；北京8例，其中朝阳区6例、丰台区1例、顺义区1例；江苏7例，其中徐州市3例、淮安市1例、盐城市1例、镇江市1例、宿迁市1例；福建7例，其中泉州市6例、厦门市1例；河北6例，均在邯郸市；山西4例，其中太原市1例、晋中市1例、运城市1例、临汾市1例；辽宁3例，均在鞍山市；广东3例，其中广州市2例、茂名市1例；天津2例，均在西青区；江西2例，均在南昌市；广西2例，均在百色市；云南2例，其中昭通市1例、红河哈尼族彝族自治州1例；青海2例，均在西宁市；内蒙古1例，在通辽市；安徽1例，在六安市；海南1例，在儋州市；贵州1例，在黔西南布依族苗族自治州；新疆1例，在乌鲁木齐市），含100例由无症状感染者转为确诊病例（吉林74例，浙江6例，四川5例，上海4例，河北3例，福建3例，山东3例，天津1例，江苏1例）。无新增死亡病例。无新增疑似病例。
当日新增治愈出院病例1899例，解除医学观察的密切接触者26683人，重症病例较前一日增加9例。
境外输入现有确诊病例591例（无重症病例），现有疑似病例17例。累计确诊病例17705例，累计治愈出院病例17114例，无死亡病例。
截至4月4日24时，据31个省（自治区、直辖市）和新疆生产建设兵团报告，现有确诊病例25060例（其中重症病例63例），累计治愈出院病例127680例，累计死亡病例4638例，累计报告确诊病例157378例，现有疑似病例17例。累计追踪到密切接触者2456979人，尚在医学观察的密切接触者387696人。
31个省（自治区、直辖市）和新疆生产建设兵团报告新增无症状感染者15355例，其中境外输入116例，本土15239例（上海13086例，其中浦东新区6788例、闵行区1370例、徐汇区1223例、黄浦区973例、虹口区604例、松江区563例、青浦区319例、宝山区267例、普陀区255例、嘉定区243例、杨浦区215例、奉贤区68例、静安区59例、金山区52例、崇明区49例、长宁区38例；吉林1680例，其中长春市1336例、吉林市339例、白城市4例、白山市1例；河北106例，其中邯郸市65例、保定市39例、石家庄市1例、沧州市1例；江苏70例，其中苏州市27例、宿迁市27例、南通市9例、徐州市5例、镇江市2例；辽宁54例，其中沈阳市46例、鞍山市5例、营口市3例；安徽48例，其中淮南市37例、阜阳市8例、芜湖市2例、宣城市1例；江西39例，其中南昌市31例、上饶市6例、抚州市2例；河南31例，其中周口市22例、永城市8例、郑州市1例；浙江25例，其中嘉兴市17例、杭州市4例、温州市3例、丽水市1例；山东17例，其中临沂市7例、潍坊市4例、枣庄市3例、济南市1例、威海市1例、菏泽市1例；湖北16例，其中随州市12例、武汉市3例、鄂州市1例；云南14例，其中德宏傣族景颇族自治州11例、红河哈尼族彝族自治州2例、曲靖市1例；黑龙江10例，其中佳木斯市5例、牡丹江市3例、哈尔滨市1例、黑河市1例；福建9例，其中泉州市7例、福州市1例、宁德市1例；四川9例，其中成都市4例、乐山市4例、遂宁市1例；新疆8例，其中乌鲁木齐市6例、昌吉回族自治州1例、巴音郭楞蒙古自治州1例；天津4例，均在西青区；甘肃4例，均在兰州市；山西2例，均在太原市；北京1例，在朝阳区；内蒙古1例，在通辽市；湖南1例，在衡阳市；广东1例，在东莞市；海南1例，在海口市；重庆1例，在渝中区；贵州1例，在安顺市）；当日转为确诊病例121例（境外输入21例）；当日解除医学观察1795例（境外输入133例）；尚在医学观察的无症状感染者96803例（境外输入1026例）。
累计收到港澳台地区通报确诊病例330489例。其中，香港特别行政区305819例（出院51346例，死亡8262例），澳门特别行政区82例（出院82例），台湾地区24588例（出院13742例，死亡853例）。



（注：媒体引用时，请标注“信息来自国家卫生健康委员会官方网站”。）
          
            
            
            
             
                分享到"
"1650010548-119","http://www.nhc.gov.cn/xcs/yqtb/list_gzbd.shtml","截至4月6日24时新型冠状病毒肺炎疫情最新情况","http://www.nhc.gov.cn/xcs/yqtb/202204/8ce4c6b4ad1345c8bbd49b60e2808465.shtml","2022-04-07","4月6日0—24时，31个省（自治区、直辖市）和新疆生产建设兵团报告新增确诊病例1323例。其中境外输入病例39例（福建15例，四川11例，上海7例，北京1例，辽宁1例，江西1例，湖南1例，广东1例，云南1例），含10例由无症状感染者转为确诊病例（四川9例，广东1例）；本土病例1284例（吉林890例，其中长春市766例、吉林市112例、白城市11例、四平市1例；上海322例，其中浦东新区150例、长宁区31例、普陀区28例、静安区27例、闵行区21例、徐汇区19例、杨浦区12例、黄浦区9例、宝山区9例、嘉定区6例、青浦区4例、金山区3例、松江区2例、虹口区1例；浙江14例，其中嘉兴市10例、宁波市2例、温州市1例、绍兴市1例；四川10例，其中成都市7例、乐山市2例、遂宁市1例；黑龙江9例，其中哈尔滨市5例、牡丹江市3例、黑河市1例；山西7例，其中太原市6例、运城市1例；福建7例，其中泉州市5例、厦门市1例、宁德市1例；北京4例，均在朝阳区；山东4例，其中威海市2例、济南市1例、青岛市1例；海南4例，均在三亚市；河北3例，均在邯郸市；江苏3例，其中徐州市1例、苏州市1例、镇江市1例；江西2例，均在南昌市；内蒙古1例，在通辽市；辽宁1例，在沈阳市；安徽1例，在阜阳市；河南1例，在周口市；贵州1例，在黔西南布依族苗族自治州），含95例由无症状感染者转为确诊病例（吉林53例，上海15例，浙江8例，四川6例，福建5例，山东2例，海南2例，北京1例，内蒙古1例，安徽1例，河南1例）。无新增死亡病例。新增疑似病例4例，均为境外输入病例（均在上海）。
当日新增治愈出院病例1765例，解除医学观察的密切接触者24320人，重症病例较前一日增加10例。
境外输入现有确诊病例497例（无重症病例），现有疑似病例19例。累计确诊病例17776例，累计治愈出院病例17279例，无死亡病例。
截至4月6日24时，据31个省（自治区、直辖市）和新疆生产建设兵团报告，现有确诊病例24123例（其中重症病例85例），累计治愈出院病例131355例，累计死亡病例4638例，累计报告确诊病例160116例，现有疑似病例19例。累计追踪到密切接触者2538044人，尚在医学观察的密切接触者420067人。
31个省（自治区、直辖市）和新疆生产建设兵团报告新增无症状感染者21784例，其中境外输入73例，本土21711例（上海19660例，其中浦东新区8296例、闵行区2387例、嘉定区1402例、徐汇区1087例、黄浦区1041例、普陀区1008例、松江区781例、虹口区669例、宝山区653例、杨浦区621例、静安区516例、青浦区465例、长宁区328例、奉贤区267例、金山区76例、崇明区63例；吉林1546例，其中长春市1423例、吉林市122例、四平市1例；河北139例，其中邯郸市78例、保定市59例、石家庄市1例、定州市1例；江苏75例，其中宿迁市39例、苏州市25例、南京市4例、徐州市2例、南通市2例、镇江市2例、盐城市1例；安徽60例，其中淮南市36例、阜阳市17例、六安市5例、合肥市2例；浙江41例，其中嘉兴市37例、杭州市2例、宁波市1例、绍兴市1例；河南36例，其中永城市20例、周口市16例；江西32例，其中南昌市31例、上饶市1例；山东26例，其中济南市9例、临沂市7例、潍坊市6例、威海市2例、枣庄市1例、菏泽市1例；辽宁21例，其中沈阳市15例、鞍山市6例；福建16例，均在泉州市；黑龙江11例，其中牡丹江市5例、佳木斯市4例、哈尔滨市1例、大庆市1例；海南9例，其中三亚市6例、陵水黎族自治县2例、海口市1例；广西8例，其中崇左市4例、防城港市2例、百色市2例；云南6例，其中德宏傣族景颇族自治州4例、红河哈尼族彝族自治州2例；天津4例，其中西青区3例、南开区1例；湖北4例，其中随州市3例、武汉市1例；广东4例，均在佛山市；四川4例，其中乐山市2例、成都市1例、遂宁市1例；新疆4例，均在乌鲁木齐市；宁夏2例，均在吴忠市；山西1例，在太原市；内蒙古1例，在通辽市；青海1例，在西宁市）；当日转为确诊病例105例（境外输入10例）；当日解除医学观察2682例（境外输入83例）；尚在医学观察的无症状感染者132948例*（境外输入993例）。
累计收到港澳台地区通报确诊病例332111例。其中，香港特别行政区306804例（出院53448例，死亡8460例），澳门特别行政区82例（出院82例），台湾地区25225例（出院13742例，死亡853例）。
备注：*吉林核增1例



（注：媒体引用时，请标注“信息来自国家卫生健康委员会官方网站”。）
          
            
            
            
             
                分享到"
"1650010525-109","http://www.nhc.gov.cn/xcs/yqtb/list_gzbd.shtml","截至3月27日24时新型冠状病毒肺炎疫情最新情况","http://www.nhc.gov.cn/xcs/yqtb/202203/9e682bf6b5cc48749ae7a1a6247cc1dd.shtml","2022-03-28","3月27日0—24时，31个省（自治区、直辖市）和新疆生产建设兵团报告新增确诊病例1275例。其中境外输入病例56例（广西14例，四川12例，上海10例，广东6例，吉林4例，浙江3例，福建3例，北京2例，黑龙江1例，河南1例），含15例由无症状感染者转为确诊病例（四川10例，浙江3例，河南1例，广东1例）；本土病例1219例（吉林1086例，其中长春市706例、吉林市367例、四平市11例、辽源市1例、松原市1例；上海50例，其中闵行区20例、徐汇区6例、宝山区5例、静安区4例、普陀区4例、浦东新区4例、嘉定区3例、黄浦区2例、虹口区1例、松江区1例；辽宁12例，其中沈阳市5例、葫芦岛市4例、鞍山市2例、营口市1例；黑龙江10例，其中哈尔滨市9例、七台河市1例；福建9例，其中泉州市8例、南平市1例；河南9例，其中周口市8例、漯河市1例；天津8例，其中西青区4例、静海区2例、河西区1例、河北区1例；山东8例，其中泰安市4例、滨州市3例、淄博市1例；河北7例，其中廊坊市3例、唐山市2例、秦皇岛市2例；广东4例，其中肇庆市2例、深圳市1例、东莞市1例；陕西4例，均在安康市；江苏3例，其中泰州市2例、徐州市1例；安徽3例，其中芜湖市1例、淮南市1例、六安市1例；浙江2例，其中嘉兴市1例、台州市1例；江西1例，在南昌市；广西1例，在桂林市；云南1例，在德宏傣族景颇族自治州；甘肃1例，在兰州市），含217例由无症状感染者转为确诊病例（吉林201例，福建4例，陕西4例，山东3例，天津2例，浙江2例，辽宁1例）。无新增死亡病例。新增疑似病例6例，均为境外输入病例（均在上海）。
当日新增治愈出院病例1097例，解除医学观察的密切接触者26867人，重症病例较前一日增加5例。
境外输入现有确诊病例914例（无重症病例），现有疑似病例19例。累计确诊病例17309例，累计治愈出院病例16395例，无死亡病例。
截至3月27日24时，据31个省（自治区、直辖市）和新疆生产建设兵团报告，现有确诊病例27745例（其中重症病例58例），累计治愈出院病例112132例，累计死亡病例4638例，累计报告确诊病例144515例，现有疑似病例19例。累计追踪到密切接触者2236344人，尚在医学观察的密切接触者379771人。
31个省（自治区、直辖市）和新疆生产建设兵团报告新增无症状感染者5134例，其中境外输入138例，本土4996例（上海3450例，其中浦东新区1420例、闵行区596例、徐汇区274例、嘉定区249例、崇明区237例、松江区189例、宝山区89例、普陀区67例、静安区65例、黄浦区55例、长宁区46例、奉贤区45例、青浦区43例、杨浦区35例、虹口区26例、金山区14例；吉林907例，其中吉林市571例、长春市330例、四平市5例、松原市1例；福建179例，其中泉州市176例、漳州市3例；河北144例，其中唐山市108例、廊坊市35例、石家庄市1例；辽宁114例，其中沈阳市65例、营口市38例、大连市8例、锦州市2例、辽阳市1例；山东58例，其中滨州市38例、潍坊市16例、青岛市1例、泰安市1例、威海市1例、聊城市1例；安徽35例，其中淮南市14例、芜湖市12例、铜陵市6例、淮北市1例、滁州市1例、阜阳市1例；广东18例，其中深圳市6例、肇庆市5例、东莞市3例、佛山市1例、茂名市1例、汕尾市1例、清远市1例；江苏16例，其中苏州市7例、南通市5例、南京市1例、徐州市1例、扬州市1例、宿迁市1例；黑龙江15例，其中哈尔滨市7例、佳木斯市7例、鹤岗市1例；广西12例，其中防城港市9例、桂林市2例、崇左市1例；云南11例，其中德宏傣族景颇族自治州5例、文山壮族苗族自治州4例、红河哈尼族彝族自治州2例；甘肃11例，其中兰州市10例、甘南藏族自治州1例；天津8例，其中河北区3例、河东区2例、西青区2例、河西区1例；江西7例，其中南昌市6例、上饶市1例；河南5例，其中漯河市3例、南阳市1例、周口市1例；浙江3例，其中杭州市1例、嘉兴市1例、舟山市1例；湖北2例，其中鄂州市1例、黄冈市1例；内蒙古1例，在通辽市）；当日转为确诊病例232例（境外输入15例）；当日解除医学观察761例（境外输入103例）；尚在医学观察的无症状感染者38649例（境外输入1358例）。
累计收到港澳台地区通报确诊病例306932例。其中，香港特别行政区284081例（出院42632例，死亡7252例），澳门特别行政区82例（出院80例），台湾地区22769例（出院13742例，死亡853例）。



（注：媒体引用时，请标注“信息来自国家卫生健康委员会官方网站”。）

          
            
            
            
             
                分享到"
"1650010565-127","http://www.nhc.gov.cn/xcs/yqtb/list_gzbd.shtml","截至4月14日24时新型冠状病毒肺炎疫情最新情况","http://www.nhc.gov.cn/xcs/yqtb/202204/c84e2417cd66487ca6195fa36b3b3080.shtml","2022-04-15","4月14日0—24时，31个省（自治区、直辖市）和新疆生产建设兵团报告新增确诊病例3486例。其中境外输入病例14例（福建6例，广西3例，广东2例，四川2例，北京1例），含3例由无症状感染者转为确诊病例（福建1例，广东1例，广西1例）；本土病例3472例（上海3200例，吉林174例，广东22例，浙江17例，山西10例，福建10例，黑龙江7例，云南6例，山东5例，青海5例，陕西3例，北京2例，内蒙古2例，江苏2例，天津1例，辽宁1例，江西1例，河南1例，湖北1例，重庆1例，四川1例），含404例由无症状感染者转为确诊病例（上海307例，吉林81例，浙江11例，江苏1例，福建1例，山东1例，广东1例，青海1例）。无新增死亡病例。新增疑似病例1例，为境外输入病例（在上海）。
当日新增治愈出院病例1430例，其中境外输入病例39例，本土病例1391例（吉林735例，上海543例，黑龙江26例，福建21例，辽宁14例，河北8例，山东7例，山西5例，江西5例，浙江4例，河南4例，广东4例，江苏3例，北京2例，湖南2例，安徽1例，海南1例，四川1例，贵州1例，云南1例，陕西1例，甘肃1例，青海1例），解除医学观察的密切接触者28778人，重症病例较前一日减少2例。
境外输入现有确诊病例283例（无重症病例），现有疑似病例16例。累计确诊病例17950例，累计治愈出院病例17667例，无死亡病例。
截至4月14日24时，据31个省（自治区、直辖市）和新疆生产建设兵团报告，现有确诊病例24878例（其中重症病例76例），累计治愈出院病例145352例，累计死亡病例4638例，累计报告确诊病例174868例，现有疑似病例16例。累计追踪到密切接触者2801989人，尚在医学观察的密切接触者448928人。
31个省（自治区、直辖市）和新疆生产建设兵团报告新增无症状感染者20782例，其中境外输入88例，本土20694例（上海19872例，吉林342例，广西136例，江苏49例，安徽47例，山西43例，湖北29例，河南25例，山东24例，河北23例，辽宁20例，广东19例，江西18例，云南16例，福建7例，浙江6例，青海6例，陕西4例，黑龙江3例，内蒙古2例，天津1例，海南1例，贵州1例）。
当日解除医学观察的无症状感染者9973例，其中境外输入140例，本土9833例（上海8070例，吉林1263例，河北120例，福建82例，辽宁67例，江苏53例，安徽46例，江西22例，山东17例，河南17例，黑龙江15例，广西11例，甘肃10例，广东9例，云南9例，湖北5例，新疆5例，湖南3例，天津2例，山西2例，重庆2例，宁夏2例，浙江1例）；当日转为确诊病例407例（境外输入3例）；尚在医学观察的无症状感染者276632例（境外输入789例）。
累计收到港澳台地区通报确诊病例339503例。其中，香港特别行政区308847例（出院63711例，死亡9002例），澳门特别行政区82例（出院82例），台湾地区30574例（出院13742例，死亡854例）。




（注：媒体引用时，请标注“信息来自国家卫生健康委员会官方网站”。）
          
            
            
            
             
                分享到"
"1650010516-105","http://www.nhc.gov.cn/xcs/yqtb/list_gzbd.shtml","截至3月23日24时新型冠状病毒肺炎疫情最新情况","http://www.nhc.gov.cn/xcs/yqtb/202203/b36107ff2df34d3fa1bfdb9421e31acf.shtml","2022-03-24","3月23日0—24时，31个省（自治区、直辖市）和新疆生产建设兵团报告新增确诊病例2054例。其中境外输入病例44例（四川11例，上海10例，广东8例，浙江7例，江苏5例，福建3例），含19例由无症状感染者转为确诊病例（四川10例，浙江7例，广东2例）；本土病例2010例（吉林1810例，其中长春市1280例、吉林市512例、四平市9例、延边朝鲜族自治州5例、通化市4例；福建69例，其中泉州市65例、莆田市3例、漳州市1例；天津29例，其中西青区7例、静海区6例、河北区5例、东丽区3例、河东区2例、红桥区2例、北辰区2例、南开区1例、宁河区1例；山东16例，其中滨州市13例、威海市2例、青岛市1例；江西12例，其中南昌市11例、九江市1例；黑龙江10例，均在哈尔滨市；河南10例，其中周口市5例、焦作市4例、开封市1例；辽宁9例，其中大连市2例、铁岭市2例、沈阳市1例、锦州市1例、辽阳市1例、盘锦市1例、葫芦岛市1例；河北8例，其中廊坊市6例、唐山市1例、秦皇岛市1例；广东8例，其中深圳市5例、茂名市1例、东莞市1例、中山市1例；湖南7例，其中怀化市4例、长沙市2例、益阳市1例；北京4例，其中东城区3例、朝阳区1例；上海4例，其中闵行区2例、嘉定区1例、奉贤区1例；浙江4例，其中衢州市2例、杭州市1例、嘉兴市1例；甘肃4例，均在兰州市；江苏3例，其中盐城市2例、无锡市1例；四川1例，在广安市；云南1例，在德宏傣族景颇族自治州；陕西1例，在西安市），含50例由无症状感染者转为确诊病例（吉林36例，山东4例，河南4例，浙江3例，天津1例，福建1例，江西1例）。无新增死亡病例。新增疑似病例1例，为境外输入病例（在上海）。
当日新增治愈出院病例904例，解除医学观察的密切接触者14956人，重症病例与前一日持平。
境外输入现有确诊病例1300例（其中重症病例1例），现有疑似病例13例。累计确诊病例17096例，累计治愈出院病例15796例，无死亡病例。
截至3月23日24时，据31个省（自治区、直辖市）和新疆生产建设兵团报告，现有确诊病例26253例（其中重症病例50例），累计治愈出院病例108394例，累计死亡病例4638例，累计报告确诊病例139285例，现有疑似病例13例。累计追踪到密切接触者2126193人，尚在医学观察的密切接触者367261人。
31个省（自治区、直辖市）和新疆生产建设兵团报告新增无症状感染者2829例，其中境外输入107例，本土2722例（上海979例，其中闵行区252例、浦东新区217例、徐汇区108例、宝山区69例、嘉定区68例、崇明区54例、静安区48例、普陀区34例、松江区34例、虹口区26例、黄浦区20例、奉贤区12例、长宁区11例、杨浦区11例、青浦区10例、金山区5例；吉林791例，其中吉林市531例、长春市253例、延边朝鲜族自治州6例、梅河口市1例；河北229例，其中廊坊市143例、唐山市86例；山东170例，其中滨州市149例、青岛市7例、潍坊市5例、临沂市4例、威海市3例、淄博市1例、烟台市1例；福建162例，其中泉州市157例、莆田市3例、福州市2例；辽宁134例，其中营口市64例、大连市37例、沈阳市31例、锦州市1例、葫芦岛市1例；江西87例，其中南昌市82例、宜春市3例、九江市2例；天津48例，其中西青区22例、东丽区6例、北辰区6例、河北区5例、静海区5例、南开区3例、滨海新区1例；黑龙江27例，均在哈尔滨市；甘肃25例，其中兰州市14例、天水市11例；江苏16例，其中常州市9例、苏州市4例、南通市2例、南京市1例；云南15例，其中德宏傣族景颇族自治州10例、红河哈尼族彝族自治州3例、临沧市2例；安徽8例，其中铜陵市6例、蚌埠市2例；广东8例，其中深圳市4例、东莞市3例、茂名市1例；广西8例，其中防城港市6例、桂林市2例；河南5例，其中焦作市3例、洛阳市1例、周口市1例；内蒙古4例，其中通辽市3例、呼和浩特市1例；浙江3例，其中衢州市2例、嘉兴市1例；陕西2例，均在西安市；湖北1例，在咸宁市）；当日转为确诊病例69例（境外输入19例）；当日解除医学观察698例（境外输入179例）；尚在医学观察的无症状感染者24062例（境外输入1498例）。
累计收到港澳台地区通报确诊病例302580例。其中，香港特别行政区280310例（出院37579例，死亡6569例），澳门特别行政区82例（出院79例），台湾地区22188例（出院13742例，死亡853例）。



 （注：媒体引用时，请标注“信息来自国家卫生健康委员会官方网站”。）
          
            
            
            
             
                分享到"
"1650010563-126","http://www.nhc.gov.cn/xcs/yqtb/list_gzbd.shtml","截至4月13日24时新型冠状病毒肺炎疫情最新情况","http://www.nhc.gov.cn/xcs/yqtb/202204/ffeea7582c77497fbd2fd8789c0e4568.shtml","2022-04-14","4月13日0—24时，31个省（自治区、直辖市）和新疆生产建设兵团报告新增确诊病例3020例。其中境外输入病例21例（广西6例，四川5例，福建4例，云南3例，北京1例，江苏1例，广东1例），含3例由无症状感染者转为确诊病例（四川2例，福建1例）；本土病例2999例（上海2573例，吉林325例，广东47例，浙江9例，福建9例，黑龙江7例，山西4例，河南4例，江苏3例，海南3例，云南3例，河北2例，安徽2例，陕西2例，青海2例，北京1例，辽宁1例，江西1例，山东1例），含344例由无症状感染者转为确诊病例（吉林214例，上海114例，福建6例，浙江4例，海南3例，广东2例，河北1例）。无新增死亡病例。无新增疑似病例。
当日新增治愈出院病例2024例，其中境外输入病例27例，本土病例1997例（吉林1105例，上海737例，福建36例，黑龙江25例，山东19例，辽宁15例，安徽8例，广东8例，天津7例，浙江6例，河北4例，山西4例，江苏4例，江西4例，北京3例，湖南3例，陕西3例，广西2例，海南1例，重庆1例，四川1例，甘肃1例），解除医学观察的密切接触者37636人，重症病例较前一日减少9例。
境外输入现有确诊病例308例（无重症病例），现有疑似病例15例。累计确诊病例17936例，累计治愈出院病例17628例，无死亡病例。
截至4月13日24时，据31个省（自治区、直辖市）和新疆生产建设兵团报告，现有确诊病例22822例（其中重症病例78例），累计治愈出院病例143922例，累计死亡病例4638例，累计报告确诊病例171382例，现有疑似病例15例。累计追踪到密切接触者2769034人，尚在医学观察的密切接触者444823人。
31个省（自治区、直辖市）和新疆生产建设兵团报告新增无症状感染者26391例，其中境外输入73例，本土26318例（上海25146例，吉林674例，广西129例，江苏50例，安徽48例，河南42例，湖北42例，辽宁32例，河北30例，山东28例，广东21例，江西20例，福建15例，青海12例，浙江10例，云南7例，山西4例，内蒙古3例，黑龙江2例，陕西2例，重庆1例）。
当日解除医学观察的无症状感染者18188例，其中境外输入107例，本土18081例（上海15406例，吉林1937例，福建154例，河北127例，安徽115例，辽宁102例，山东64例，江苏39例，江西38例，广东20例，甘肃15例，广西13例，天津12例，黑龙江11例，湖北7例，云南7例，浙江3例，河南3例，湖南2例，新疆2例，内蒙古1例，重庆1例，四川1例，贵州1例）；当日转为确诊病例347例（境外输入3例）；尚在医学观察的无症状感染者266230例（境外输入844例）。
累计收到港澳台地区通报确诊病例338442例。其中，香港特别行政区308767例（出院62204例，死亡8948例），澳门特别行政区82例（出院82例），台湾地区29593例（出院13742例，死亡854例）。





（注：媒体引用时，请标注“信息来自国家卫生健康委员会官方网站”。）

          
            
            
            
             
                分享到"
"1650010559-124","http://www.nhc.gov.cn/xcs/yqtb/list_gzbd.shtml","截至4月11日24时新型冠状病毒肺炎疫情最新情况","http://www.nhc.gov.cn/xcs/yqtb/202204/6fde7848d44b4954a2c85a68e6d2dc8c.shtml","2022-04-12","4月11日0—24时，31个省（自治区、直辖市）和新疆生产建设兵团报告新增确诊病例1272例。其中境外输入病例21例（广西5例，四川5例，上海4例，广东4例，福建3例），含5例由无症状感染者转为确诊病例（福建3例，四川2例）；本土病例1251例（上海994例，吉林171例，海南21例，广东16例，江苏14例，浙江11例，北京4例，福建4例，山东3例，河南3例，江西2例，四川2例，山西1例，内蒙古1例，辽宁1例，黑龙江1例，湖北1例，云南1例），含335例由无症状感染者转为确诊病例（上海273例，吉林29例，海南19例，广东6例，浙江4例，福建2例，山西1例，江苏1例）。无新增死亡病例。无新增疑似病例。
当日新增治愈出院病例1676例，其中境外输入35例，本土1641例（吉林1207例、上海273例、福建33例、河北30例、山东25例、辽宁14例、黑龙江12例、广东9例、浙江6例、陕西5例、江苏4例、云南4例、广西3例、天津2例、安徽2例、江西2例、河南2例、湖南2例、四川2例、山西1例、内蒙古1例、重庆1例、甘肃1例），解除医学观察的密切接触者29818人，重症病例较前一日增加1例。
境外输入现有确诊病例356例（无重症病例），现有疑似病例26例。累计确诊病例17902例，累计治愈出院病例17546例，无死亡病例。
截至4月11日24时，据31个省（自治区、直辖市）和新疆生产建设兵团报告，现有确诊病例21991例（其中重症病例77例），累计治愈出院病例140220例，累计死亡病例4638例，累计报告确诊病例166849例，现有疑似病例26例。累计追踪到密切接触者2715339人，尚在医学观察的密切接触者455268人。
31个省（自治区、直辖市）和新疆生产建设兵团报告新增无症状感染者23387例，其中境外输入92例，本土23295例（上海22348例，吉林598例，江苏62例，安徽61例，河北44例，湖北36例，辽宁24例，福建24例，广东19例，浙江18例，江西18例，山东13例，河南11例，广西6例，云南4例，山西3例，青海3例，天津1例，黑龙江1例，海南1例）。
当日解除医学观察2619例，其中境外输入99例，本土2520例（吉林1176例、上海380例、河北360例、福建178例、山东120例、辽宁82例、安徽74例、江苏41例、江西37例、黑龙江16例、云南9例、新疆9例、河南8例、广东8例、甘肃7例、广西6例、内蒙古3例、重庆2例、天津1例、浙江1例、湖北1例、贵州1例）；当日转为确诊病例340例（境外输入5例）；尚在医学观察的无症状感染者240324例（境外输入887例）。
累计收到港澳台地区通报确诊病例336716例。其中，香港特别行政区308594例（出院59230例，死亡8827例），澳门特别行政区82例（出院82例），台湾地区28040例（出院13742例，死亡854例）。
备注：各省份疫情具体信息详见各省份卫生健康委官网



（注：媒体引用时，请标注“信息来自国家卫生健康委员会官方网站”。）
          
            
            
            
             
                分享到"
"1650010534-113","http://www.nhc.gov.cn/xcs/yqtb/list_gzbd.shtml","截至3月31日24时新型冠状病毒肺炎疫情最新情况","http://www.nhc.gov.cn/xcs/yqtb/202204/703f8b1db5e24d5984d89b9b1a2a7d20.shtml","2022-04-01","3月31日0—24时，31个省（自治区、直辖市）和新疆生产建设兵团报告新增确诊病例1827例。其中境外输入病例40例（四川19例，上海7例，浙江5例，北京2例，福建2例，广东2例，广西2例，云南1例），含22例由无症状感染者转为确诊病例（四川17例，浙江5例）；本土病例1787例（吉林1363例，其中长春市1078例、吉林市276例、四平市6例、白城市3例；上海358例，其中浦东新区182例、闵行区60例、长宁区43例、徐汇区18例、黄浦区7例、普陀区7例、虹口区7例、嘉定区7例、杨浦区5例、松江区5例、奉贤区5例、静安区4例、宝山区3例、金山区3例、青浦区1例、崇明区1例；黑龙江16例，其中佳木斯市9例、哈尔滨市5例、大庆市2例；浙江10例，其中宁波市4例、杭州市3例、湖州市2例、嘉兴市1例；江苏9例，其中徐州市4例、盐城市2例、镇江市2例、无锡市1例；福建5例，其中泉州市4例、宁德市1例；山东4例，其中济南市2例、烟台市1例、济宁市1例；广东4例，其中珠海市1例、肇庆市1例、东莞市1例、中山市1例；河南3例，其中郑州市1例、洛阳市1例、信阳市1例；湖南3例，其中衡阳市2例、娄底市1例；河北2例，其中保定市1例、廊坊市1例；辽宁2例，均在营口市；安徽2例，其中淮南市1例、阜阳市1例；海南2例，均在琼海市；天津1例，在西青区；江西1例，在南昌市；四川1例，在乐山市；贵州1例，在贵阳市），含56例由无症状感染者转为确诊病例（吉林24例，上海20例，浙江5例，辽宁2例，福建2例，天津1例，安徽1例，山东1例）。无新增死亡病例。新增疑似病例2例，均为境外输入病例（均在上海）。

当日新增治愈出院病例1120例，解除医学观察的密切接触者18941人，重症病例与前一日持平。
境外输入现有确诊病例695例（无重症病例），现有疑似病例20例。累计确诊病例17510例，累计治愈出院病例16815例，无死亡病例。
截至3月31日24时，据31个省（自治区、直辖市）和新疆生产建设兵团报告，现有确诊病例29306例（其中重症病例66例），累计治愈出院病例117159例，累计死亡病例4638例，累计报告确诊病例151103例，现有疑似病例20例。累计追踪到密切接触者2337175人，尚在医学观察的密切接触者378105人。
31个省（自治区、直辖市）和新疆生产建设兵团报告新增无症状感染者5559例，其中境外输入117例，本土5442例（上海4144例，其中浦东新区2224例、闵行区330例、长宁区215例、徐汇区206例、松江区185例、奉贤区172例、杨浦区169例、静安区158例、虹口区118例、黄浦区117例、青浦区97例、嘉定区47例、崇明区42例、金山区39例、宝山区14例、普陀区11例；吉林871例，其中长春市444例、吉林市426例、白山市1例；福建73例，其中泉州市66例、宁德市4例、福州市2例、莆田市1例；辽宁61例，其中沈阳市50例、大连市6例、营口市3例、鞍山市1例、葫芦岛市1例；河北50例，其中唐山市32例、廊坊市17例、邢台市1例；安徽49例，其中淮南市22例、阜阳市15例、芜湖市5例、蚌埠市3例、马鞍山市2例、铜陵市1例、宣城市1例；江苏34例，其中苏州市13例、南通市9例、无锡市6例、徐州市3例、淮安市1例、镇江市1例、宿迁市1例；山东28例，其中滨州市9例、枣庄市7例、临沂市4例、青岛市3例、烟台市3例、济南市1例、德州市1例；江西18例，其中南昌市16例、上饶市2例；黑龙江17例，其中佳木斯市12例、哈尔滨市3例、黑河市2例；河南17例，其中周口市8例、洛阳市2例、鹤壁市2例、信阳市2例、驻马店市2例、郑州市1例；广西16例，其中百色市14例、防城港市2例；广东14例，其中东莞市8例、深圳市2例、广州市1例、汕头市1例、肇庆市1例、惠州市1例；新疆13例，其中巴音郭楞蒙古自治州10例、乌鲁木齐市3例；甘肃9例，均在兰州市；浙江8例，其中杭州市3例、嘉兴市3例、湖州市1例、衢州市1例；湖北5例，其中黄石市3例、鄂州市1例、随州市1例；天津3例，其中河北区1例、东丽区1例、滨海新区1例；内蒙古2例，均在呼和浩特市；湖南2例，均在长沙市；海南2例，均在三亚市；重庆2例，其中南岸区1例、梁平区1例；四川2例，其中德阳市1例、乐山市1例；云南2例，其中红河哈尼族彝族自治州1例、德宏傣族景颇族自治州1例）；当日转为确诊病例78例（境外输入22例）；当日解除医学观察1336例（境外输入115例）；尚在医学观察的无症状感染者59056例（境外输入1182例）。
累计收到港澳台地区通报确诊病例309789例。其中，香港特别行政区286313例（出院47181例，死亡7825例），澳门特别行政区82例（出院81例），台湾地区23394例（出院13742例，死亡853例）。


 
（注：媒体引用时，请标注“信息来自国家卫生健康委员会官方网站”。）

          
            
            
            
             
                分享到"
"1650010527-110","http://www.nhc.gov.cn/xcs/yqtb/list_gzbd.shtml","截至3月28日24时新型冠状病毒肺炎疫情最新情况","http://www.nhc.gov.cn/xcs/yqtb/202203/e642fa60e7ca40938e029cbdbd49f62b.shtml","2022-03-29","3月28日0—24时，31个省（自治区、直辖市）和新疆生产建设兵团报告新增确诊病例1293例。其中境外输入病例65例（四川27例，广西15例，上海11例，北京3例，福建3例，广东3例，云南2例，山东1例），含24例由无症状感染者转为确诊病例（四川18例，广西4例，山东1例，广东1例）；本土病例1228例（吉林1055例，其中长春市622例、吉林市426例、四平市7例；上海96例，其中浦东新区39例、静安区10例、闵行区9例、宝山区8例、长宁区7例、徐汇区6例、虹口区4例、松江区4例、普陀区3例、嘉定区2例、青浦区2例、黄浦区1例、金山区1例；山东12例，其中枣庄市8例、泰安市3例、滨州市1例；辽宁10例，其中沈阳市5例、葫芦岛市3例、鞍山市1例、营口市1例；广东8例，其中深圳市3例、肇庆市3例、茂名市1例、东莞市1例；天津7例，其中西青区3例、河北区2例、河东区1例、东丽区1例；福建7例，均在泉州市；河北6例，其中廊坊市5例、保定市1例；黑龙江5例，其中哈尔滨市4例、大庆市1例；浙江4例，其中杭州市1例、宁波市1例、嘉兴市1例、舟山市1例；山西3例，均在忻州市；江苏3例，其中常州市1例、苏州市1例、泰州市1例；河南3例，其中周口市2例、郑州市1例；湖南3例，均在长沙市；陕西3例，其中安康市2例、宝鸡市1例；安徽2例，其中淮南市1例、宣城市1例；江西1例，在南昌市），含48例由无症状感染者转为确诊病例（上海21例，吉林12例，福建6例，天津4例，山东3例，辽宁1例，浙江1例）。无新增死亡病例。无新增疑似病例。
当日新增治愈出院病例1179例，解除医学观察的密切接触者31264人，重症病例较前一日增加1例。
境外输入现有确诊病例838例*（无重症病例），现有疑似病例15例。累计确诊病例17370例*，累计治愈出院病例16532例，无死亡病例。
截至3月28日24时，据31个省（自治区、直辖市）和新疆生产建设兵团报告，现有确诊病例27859例（其中重症病例59例），累计治愈出院病例113311例，累计死亡病例4638例，累计报告确诊病例145808例，现有疑似病例15例。累计追踪到密切接触者2258351人，尚在医学观察的密切接触者370261人。
31个省（自治区、直辖市）和新疆生产建设兵团报告新增无症状感染者5758例，其中境外输入100例，本土5658例（上海4381例，其中浦东新区2463例、闵行区360例、宝山区304例、黄浦区282例、嘉定区207例、奉贤区115例、长宁区108例、静安区93例、松江区91例、徐汇区86例、普陀区79例、崇明区68例、青浦区54例、杨浦区49例、金山区18例、虹口区4例；吉林812例，其中吉林市500例、长春市310例、四平市2例；福建124例，其中泉州市122例、漳州市2例；河北108例，其中唐山市73例、廊坊市34例、石家庄市1例；辽宁64例，其中沈阳市36例、营口市20例、大连市5例、锦州市1例、辽阳市1例、铁岭市1例；山东41例，其中滨州市27例、潍坊市8例、淄博市3例、青岛市2例、泰安市1例；江苏21例，其中苏州市13例、徐州市5例、南京市1例、南通市1例、扬州市1例；黑龙江20例，其中佳木斯市11例、哈尔滨市6例、绥化市3例；安徽16例，其中芜湖市13例、蚌埠市1例、淮南市1例、铜陵市1例；甘肃11例，均在兰州市；天津10例，其中河北区4例、静海区2例、河东区1例、南开区1例、东丽区1例、西青区1例；广东10例，其中深圳市6例、东莞市4例；广西10例，其中防城港市6例、北海市2例、百色市2例；浙江8例，其中嘉兴市6例、宁波市1例、丽水市1例；河南8例，其中焦作市3例、周口市2例、郑州市1例、漯河市1例、驻马店市1例；云南6例，其中德宏傣族景颇族自治州4例、昆明市2例；江西5例，均在南昌市；湖南2例，均在长沙市；四川1例，在成都市）；当日转为确诊病例72例（境外输入24例）；当日解除医学观察910例（境外输入125例）；尚在医学观察的无症状感染者43425例（境外输入1309例）。
累计收到港澳台地区通报确诊病例307661例。其中，香港特别行政区284683例（出院43043例，死亡7420例），澳门特别行政区82例（出院81例），台湾地区22896例（出院13742例，死亡853例）。
备注：*吉林核减4例。



（注：媒体引用时，请标注“信息来自国家卫生健康委员会官方网站”。）
 
          
            
            
            
             
                分享到"
"1650010550-120","http://www.nhc.gov.cn/xcs/yqtb/list_gzbd.shtml","截至4月7日24时新型冠状病毒肺炎疫情最新情况","http://www.nhc.gov.cn/xcs/yqtb/202204/9c5270a6d2fb4e899ab99d97f372689a.shtml","2022-04-08","4月7日0—24时，31个省（自治区、直辖市）和新疆生产建设兵团报告新增确诊病例1576例。其中境外输入病例36例（广西10例，四川9例，广东5例，上海4例，福建2例，云南2例，天津1例，黑龙江1例，江西1例，山东1例），含10例由无症状感染者转为确诊病例（四川9例，山东1例）；本土病例1540例（上海824例，其中浦东新区306例、松江区107例、闵行区96例、金山区72例、徐汇区40例、奉贤区32例、长宁区29例、杨浦区29例、虹口区26例、静安区23例、嘉定区23例、黄浦区14例、普陀区11例、宝山区10例、青浦区4例、崇明区2例；吉林617例，其中长春市474例、吉林市136例、白城市4例、白山市2例、四平市1例；福建20例，其中泉州市19例、厦门市1例；江苏13例，其中徐州市6例、南京市3例、镇江市2例、苏州市1例、盐城市1例；陕西11例，均在西安市；北京9例，其中朝阳区5例、顺义区3例、海淀区1例；浙江8例，其中宁波市5例、嘉兴市3例；广东7例，其中广州市3例、佛山市3例、湛江市1例；山西5例，其中太原市4例、运城市1例；山东5例，其中威海市2例、济南市1例、青岛市1例、济宁市1例；四川5例，其中成都市4例、遂宁市1例；江西4例，均在南昌市；海南3例，均在三亚市；内蒙古2例，其中通辽市1例、兴安盟1例；广西2例，均在百色市；河北1例，在邯郸市；辽宁1例，在沈阳市；黑龙江1例，在哈尔滨市；湖南1例，在邵阳市；云南1例，在红河哈尼族彝族自治州），含412例由无症状感染者转为确诊病例（上海323例，吉林61例，福建14例，江苏3例，浙江2例，山东2例，广东2例，广西2例，北京1例，山西1例，四川1例）。无新增死亡病例。新增疑似病例4例，均为境外输入病例（均在上海）。
当日新增治愈出院病例1867例，解除医学观察的密切接触者31955人，重症病例较前一日减少8例。
境外输入现有确诊病例479例（无重症病例），现有疑似病例23例。累计确诊病例17812例，累计治愈出院病例17333例，无死亡病例。
截至4月7日24时，据31个省（自治区、直辖市）和新疆生产建设兵团报告，现有确诊病例23832例（其中重症病例77例），累计治愈出院病例133222例，累计死亡病例4638例，累计报告确诊病例161692例，现有疑似病例23例。累计追踪到密切接触者2582687人，尚在医学观察的密切接触者432100人。
31个省（自治区、直辖市）和新疆生产建设兵团报告新增无症状感染者22648例，其中境外输入87例，本土22561例（上海20398例，其中浦东新区8734例、闵行区2160例、徐汇区2030例、黄浦区1368例、普陀区947例、嘉定区911例、长宁区825例、松江区647例、杨浦区572例、虹口区568例、青浦区491例、宝山区407例、静安区360例、崇明区260例、奉贤区62例、金山区56例；吉林1649例，其中长春市1553例、吉林市92例、白城市2例、四平市1例、白山市1例；河北162例，其中保定市90例、邯郸市68例、石家庄市3例、邢台市1例；安徽69例，其中阜阳市31例、六安市20例、淮南市16例、宿州市1例、宣城市1例；江苏65例，其中宿迁市28例、苏州市16例、南通市12例、徐州市3例、南京市2例、盐城市2例、泰州市2例；山东46例，其中济南市24例、威海市8例、临沂市5例、枣庄市3例、潍坊市3例、济宁市2例、烟台市1例；辽宁36例，其中沈阳市19例、锦州市13例、鞍山市3例、葫芦岛市1例；浙江36例，其中嘉兴市26例、杭州市4例、温州市4例、宁波市1例、丽水市1例；江西32例，其中南昌市30例、上饶市2例；河南19例，其中周口市16例、永城市3例；广西11例，其中崇左市9例、防城港市1例、百色市1例；云南8例，其中德宏傣族景颇族自治州4例、昭通市2例、红河哈尼族彝族自治州2例；黑龙江5例，其中佳木斯市3例、哈尔滨市1例、牡丹江市1例；福建5例，其中泉州市4例、福州市1例；山西4例，均在太原市；广东4例，其中佛山市2例、广州市1例、湛江市1例；湖北3例，均在武汉市；陕西3例，均在西安市；海南2例，均在三亚市；青海2例，均在西宁市；北京1例，在海淀区；新疆1例，在乌鲁木齐市）；当日转为确诊病例422例（境外输入10例）；当日解除医学观察2481例（境外输入105例）；尚在医学观察的无症状感染者152693例（境外输入965例）。
累计收到港澳台地区通报确诊病例333631例。其中，香港特别行政区307793例（出院54939例，死亡8557例），澳门特别行政区82例（出院82例），台湾地区25756例（出院13742例，死亡853例）。




（注：媒体引用时，请标注“信息来自国家卫生健康委员会官方网站”。）


          
            
            
            
             
                分享到"
"1650010514-104","http://www.nhc.gov.cn/xcs/yqtb/list_gzbd.shtml","截至3月22日24时新型冠状病毒肺炎疫情最新情况","http://www.nhc.gov.cn/xcs/yqtb/202203/1c35f7d0b9e248cc94b933925c48612c.shtml","2022-03-23","3月22日0—24时，31个省（自治区、直辖市）和新疆生产建设兵团报告新增确诊病例2667例。其中境外输入病例76例（广西12例，上海10例，浙江10例，湖南10例，广东8例，四川7例，福建6例，河南6例，天津4例，山西2例，北京1例），含21例由无症状感染者转为确诊病例（浙江9例，湖南8例，四川4例）；本土病例2591例（吉林2320例，其中长春市1979例、吉林市331例、四平市9例、延边朝鲜族自治州1例；福建110例，其中泉州市100例、莆田市6例、漳州市4例；辽宁36例，其中营口市13例、大连市12例、沈阳市7例、辽阳市4例；天津24例，其中西青区13例、河北区3例、红桥区3例、滨海新区2例、河东区1例、东丽区1例、北辰区1例；山东24例，其中滨州市16例、烟台市4例、济南市1例、青岛市1例、淄博市1例、威海市1例；广东15例，其中深圳市13例、东莞市1例、中山市1例；黑龙江13例，均在哈尔滨市；河北9例，其中廊坊市7例、石家庄市1例、唐山市1例；江西9例，均在南昌市；河南6例，其中周口市4例、郑州市1例、开封市1例；甘肃6例，其中兰州市5例、陇南市1例；北京4例，其中朝阳区3例、东城区1例；上海4例，其中徐汇区2例、嘉定区2例；陕西3例，其中宝鸡市2例、西安市1例；江苏2例，均在盐城市；湖南2例，均在长沙市；云南2例，均在德宏傣族景颇族自治州；浙江1例，在湖州市；重庆1例，在沙坪坝区），含94例由无症状感染者转为确诊病例（吉林73例，辽宁13例，福建3例，山东3例，浙江1例，广东1例）。无新增死亡病例。新增疑似病例3例，均为境外输入病例（均在上海）。
当日新增治愈出院病例702例，解除医学观察的密切接触者14897人，重症病例较前一日增加8例。
境外输入现有确诊病例1444例（其中重症病例1例），现有疑似病例12例。累计确诊病例17052例，累计治愈出院病例15608例，无死亡病例。
截至3月22日24时，据31个省（自治区、直辖市）和新疆生产建设兵团报告，现有确诊病例25103例（其中重症病例50例），累计治愈出院病例107490例，累计死亡病例4638例，累计报告确诊病例137231例，现有疑似病例12例。累计追踪到密切接触者2105379人，尚在医学观察的密切接触者361628人。
31个省（自治区、直辖市）和新疆生产建设兵团报告新增无症状感染者2469例，其中境外输入123例，本土2346例（上海977例，其中闵行区306例、浦东新区237例、嘉定区109例、徐汇区84例、黄浦区59例、松江区31例、静安区28例、普陀区21例、长宁区20例、青浦区20例、崇明区19例、宝山区16例、虹口区13例、奉贤区8例、杨浦区3例、金山区3例；吉林528例，其中吉林市522例、梅河口市3例、延边朝鲜族自治州2例、辽源市1例；河北183例，其中廊坊市147例、唐山市34例、沧州市2例；福建160例，其中泉州市144例、福州市9例、莆田市4例、漳州市3例；山东157例，其中滨州市147例、威海市4例、淄博市3例、临沂市2例、烟台市1例；辽宁127例，其中沈阳市53例、大连市42例、营口市32例；江西49例，其中南昌市48例、宜春市1例；甘肃37例，其中兰州市21例、天水市9例、白银市5例、临夏回族自治州2例；黑龙江28例，其中哈尔滨市27例、黑河市1例；天津23例，其中西青区11例、河北区3例、东丽区3例、静海区2例、河东区1例、河西区1例、红桥区1例、滨海新区1例；江苏22例，其中常州市17例、南京市2例、宿迁市2例、苏州市1例；云南15例，其中德宏傣族景颇族自治州13例、临沧市1例、红河哈尼族彝族自治州1例；广东12例，其中东莞市7例、深圳市5例；安徽11例，其中铜陵市7例、亳州市4例；广西7例，其中崇左市3例、防城港市2例、钦州市2例；浙江5例，其中衢州市2例、杭州市1例、嘉兴市1例、台州市1例；河南5例，其中焦作市4例、周口市1例）；当日转为确诊病例115例（境外输入21例）；当日解除医学观察509例（境外输入147例）；尚在医学观察的无症状感染者22000例（境外输入1589例）。
累计收到港澳台地区通报确诊病例301416例。其中，香港特别行政区279243例（出院36121例，死亡6364例），澳门特别行政区82例（出院79例），台湾地区22091例（出院13742例，死亡853例）。



（注：媒体引用时，请标注“信息来自国家卫生健康委员会官方网站”。）

          
            
            
            
             
                分享到"
"1650010552-121","http://www.nhc.gov.cn/xcs/yqtb/list_gzbd.shtml","截至4月8日24时新型冠状病毒肺炎疫情最新情况","http://www.nhc.gov.cn/xcs/yqtb/202204/d57ef188044641eebcf53f51d993e591.shtml","2022-04-09","4月8日0—24时，31个省（自治区、直辖市）和新疆生产建设兵团报告新增确诊病例1350例。其中境外输入病例16例（广东4例，广西3例，北京2例，上海2例，浙江2例，福建2例，四川1例），含6例由无症状感染者转为确诊病例（广东3例，浙江2例，四川1例）；本土病例1334例（上海1015例，其中浦东新区348例、嘉定区116例、徐汇区114例、松江区107例、闵行区61例、金山区45例、黄浦区42例、静安区39例、宝山区30例、青浦区24例、长宁区22例、普陀区21例、虹口区18例、奉贤区13例、杨浦区12例、崇明区3例；吉林248例，其中长春市150例、吉林市87例、白城市10例、四平市1例；浙江13例，其中嘉兴市9例、宁波市2例、绍兴市1例、丽水市1例；陕西8例，其中西安市7例、商洛市1例；北京6例，其中丰台区3例、朝阳区2例、顺义区1例；山西6例，其中太原市4例、运城市2例；安徽6例，其中六安市5例、阜阳市1例；黑龙江5例，其中牡丹江市4例、哈尔滨市1例；江苏5例，其中无锡市2例、徐州市2例、南京市1例；广东5例，其中广州市2例、深圳市1例、佛山市1例、湛江市1例；山东4例，其中济南市3例、威海市1例；海南4例，其中三亚市3例、陵水黎族自治县1例；福建3例，均在泉州市；河北2例，均在邯郸市；江西2例，均在南昌市；河南1例，在郑州市；重庆1例，在江北区），含491例由无症状感染者转为确诊病例（上海420例，吉林52例，浙江10例，福建2例，海南2例，陕西2例，安徽1例，山东1例，广东1例）。无新增死亡病例。新增疑似病例6例，均为境外输入病例（均在上海）。
当日新增治愈出院病例1996例，解除医学观察的密切接触者23342人，重症病例较前一日增加2例。
境外输入现有确诊病例442例（无重症病例），现有疑似病例29例。累计确诊病例17828例，累计治愈出院病例17386例，无死亡病例。
截至4月8日24时，据31个省（自治区、直辖市）和新疆生产建设兵团报告，现有确诊病例23186例（其中重症病例79例），累计治愈出院病例135218例，累计死亡病例4638例，累计报告确诊病例163042例，现有疑似病例29例。累计追踪到密切接触者2620524人，尚在医学观察的密切接触者445797人。
31个省（自治区、直辖市）和新疆生产建设兵团报告新增无症状感染者23815例，其中境外输入78例，本土23737例（上海22609例，其中浦东新区6949例、闵行区2791例、宝山区2758例、黄浦区2558例、徐汇区1516例、嘉定区1391例、普陀区1074例、杨浦区689例、松江区666例、静安区641例、长宁区596例、虹口区362例、青浦区318例、崇明区169例、奉贤区86例、金山区45例；吉林706例，其中长春市648例、吉林市56例、白山市1例、白城市1例；河北107例，其中邯郸市65例、保定市42例；江苏73例，其中苏州市35例、南通市15例、宿迁市14例、徐州市3例、连云港市3例、盐城市2例、镇江市1例；安徽65例，其中六安市34例、阜阳市25例、淮南市5例、合肥市1例；山东39例，其中济南市23例、临沂市6例、潍坊市3例、威海市3例、菏泽市2例、青岛市1例、东营市1例；江西29例，均在南昌市；浙江26例，其中嘉兴市15例、杭州市11例；辽宁25例，其中沈阳市13例、鞍山市5例、锦州市4例、营口市3例；河南17例，其中周口市8例、永城市7例、郑州市2例；福建9例，均在泉州市；黑龙江6例，其中佳木斯市2例、哈尔滨市1例、大庆市1例、牡丹江市1例、黑河市1例；山西5例，其中太原市4例、运城市1例；广东5例，其中佛山市4例、广州市1例；广西4例，其中防城港市2例、崇左市2例；云南3例，其中红河哈尼族彝族自治州2例、德宏傣族景颇族自治州1例；湖北2例，均在武汉市；四川2例，其中成都市1例、乐山市1例；新疆2例，均在乌鲁木齐市；天津1例，在南开区；内蒙古1例，在兴安盟；海南1例，在三亚市）；当日转为确诊病例497例（境外输入6例）；当日解除医学观察1996例（境外输入105例）；尚在医学观察的无症状感染者174015例（境外输入932例）。
累计收到港澳台地区通报确诊病例334395例。其中，香港特别行政区308050例（出院56449例，死亡8643例），澳门特别行政区82例（出院82例），台湾地区26263例（出院13742例，死亡853例）。



（注：媒体引用时，请标注“信息来自国家卫生健康委员会官方网站”。）
          
            
            
            
             
                分享到"
"1650010529-111","http://www.nhc.gov.cn/xcs/yqtb/list_gzbd.shtml","截至3月29日24时新型冠状病毒肺炎疫情最新情况","http://www.nhc.gov.cn/xcs/yqtb/202203/5cec89d7d07140f69d81a5d3b543005f.shtml","2022-03-30","3月29日0—24时，31个省（自治区、直辖市）和新疆生产建设兵团报告新增确诊病例1629例。其中境外输入病例64例（四川24例，广东13例，广西9例，云南4例，黑龙江3例，上海3例，福建3例，山西2例，北京1例，内蒙古1例，山东1例），含26例由无症状感染者转为确诊病例（四川20例，广东3例，黑龙江2例，山东1例）；本土病例1565例（吉林1150例，其中长春市875例、吉林市268例、四平市7例；上海326例，其中浦东新区169例、徐汇区34例、宝山区33例、闵行区29例、松江区15例、嘉定区9例、静安区8例、虹口区7例、黄浦区6例、普陀区6例、杨浦区3例、长宁区3例、金山区2例、奉贤区1例、崇明区1例；河南26例，均在周口市；黑龙江16例，其中佳木斯市15例、哈尔滨市1例；浙江8例，其中嘉兴市3例、湖州市3例、杭州市1例、丽水市1例；福建7例，其中泉州市6例、莆田市1例；河北6例，其中秦皇岛市3例、廊坊市3例；辽宁5例，其中沈阳市3例、营口市1例、葫芦岛市1例；山东4例，其中青岛市1例、枣庄市1例、泰安市1例、德州市1例；安徽3例，其中淮南市2例、芜湖市1例；湖南3例，其中长沙市2例、娄底市1例；北京2例，均在通州区；天津2例，其中南开区1例、东丽区1例；广东2例，其中深圳市1例、珠海市1例；江苏1例，在泰州市；江西1例，在南昌市；海南1例，在万宁市；重庆1例，在云阳县；贵州1例，在贵阳市），含66例由无症状感染者转为确诊病例（吉林24例，上海18例，黑龙江13例，福建5例，辽宁2例，浙江2例，天津1例，湖南1例）。无新增死亡病例。新增疑似病例2例，均为境外输入病例（均在上海）。
当日新增治愈出院病例1325例，解除医学观察的密切接触者26128人，重症病例较前一日增加3例。
境外输入现有确诊病例791例（无重症病例），现有疑似病例17例。累计确诊病例17434例，累计治愈出院病例16643例，无死亡病例。
截至3月29日24时，据31个省（自治区、直辖市）和新疆生产建设兵团报告，现有确诊病例28163例（其中重症病例62例），累计治愈出院病例114636例，累计死亡病例4638例，累计报告确诊病例147437例，现有疑似病例17例。累计追踪到密切接触者2282407人，尚在医学观察的密切接触者367094人。
31个省（自治区、直辖市）和新疆生产建设兵团报告新增无症状感染者7196例，其中境外输入106例，本土7090例（上海5656例，其中浦东新区2018例、徐汇区1054例、闵行区957例、宝山区329例、嘉定区244例、松江区219例、静安区172例、黄浦区106例、普陀区106例、杨浦区95例、奉贤区94例、青浦区84例、虹口区66例、崇明区55例、长宁区33例、金山区24例；吉林1032例，其中吉林市680例、长春市348例、四平市2例、辽源市1例、白城市1例；福建85例，其中泉州市82例、漳州市2例、莆田市1例；河北75例，其中唐山市54例、廊坊市21例；辽宁52例，其中沈阳市32例、营口市16例、葫芦岛市2例、大连市1例、鞍山市1例；江苏32例，其中苏州市16例、徐州市10例、南京市1例、无锡市1例、南通市1例、盐城市1例、泰州市1例、宿迁市1例；安徽31例，其中淮南市24例、芜湖市3例、马鞍山市2例、铜陵市1例、阜阳市1例；黑龙江24例，其中佳木斯市17例、哈尔滨市6例、伊春市1例；山东23例，其中滨州市12例、青岛市4例、临沂市3例、济南市1例、淄博市1例、烟台市1例、泰安市1例；广东14例，其中深圳市7例、肇庆市4例、东莞市2例、茂名市1例；广西13例，其中百色市9例、防城港市3例、崇左市1例；河南10例，其中漯河市4例、郑州市2例、安阳市1例、信阳市1例、周口市1例、驻马店市1例；甘肃10例，其中兰州市9例、定西市1例；江西9例，均在南昌市；浙江7例，其中嘉兴市5例、杭州市1例、台州市1例；天津6例，其中西青区3例、南开区1例、滨海新区1例、静海区1例；云南3例，其中德宏傣族景颇族自治州2例、文山壮族苗族自治州1例；新疆2例，均在乌鲁木齐市；山西1例，在忻州市；内蒙古1例，在赤峰市；湖北1例，在黄冈市；湖南1例，在长沙市；海南1例，在万宁市；重庆1例，在云阳县）；当日转为确诊病例92例（境外输入26例）；当日解除医学观察1108例（境外输入122例）；尚在医学观察的无症状感染者49421例（境外输入1267例）。
累计收到港澳台地区通报确诊病例308196例。其中，香港特别行政区285122例（出院44296例，死亡7571例），澳门特别行政区82例（出院81例），台湾地区22992例（出院13742例，死亡853例）。



 （注：媒体引用时，请标注“信息来自国家卫生健康委员会官方网站”。）
          
            
            
            
             
                分享到"
"1650010561-125","http://www.nhc.gov.cn/xcs/yqtb/list_gzbd.shtml","截至4月12日24时新型冠状病毒肺炎疫情最新情况","http://www.nhc.gov.cn/xcs/yqtb/202204/ea01f2d31d8e4e1d970e61867cc901a1.shtml","2022-04-13","4月12日0—24时，31个省（自治区、直辖市）和新疆生产建设兵团报告新增确诊病例1513例。其中境外输入病例13例（广西5例，广东4例，上海1例，江苏1例，福建1例，四川1例），含6例由无症状感染者转为确诊病例（广西3例，福建1例，广东1例，四川1例）；本土病例1500例（上海1189例，吉林233例，广东22例，海南14例，浙江12例，福建7例，江苏4例，山东3例，河南3例，黑龙江2例，湖南2例，陕西2例，天津1例，河北1例，辽宁1例，安徽1例，江西1例，湖北1例，云南1例），含152例由无症状感染者转为确诊病例（吉林97例，上海23例，海南13例，广东9例，浙江6例，福建2例，江苏1例，山东1例）。无新增死亡病例。无新增疑似病例。
当日新增治愈出院病例1678例，其中境外输入病例55例，本土病例1623例（吉林1149例，上海334例，福建41例，山东25例，辽宁14例，河北11例，黑龙江11例，广东11例，浙江8例，江苏5例，河南3例，云南2例，陕西2例，天津1例，山西1例，安徽1例，江西1例，重庆1例，四川1例，贵州1例），解除医学观察的密切接触者26408人，重症病例较前一日增加10例。
境外输入现有确诊病例314例（无重症病例），现有疑似病例26例。累计确诊病例17915例，累计治愈出院病例17601例，无死亡病例。
截至4月12日24时，据31个省（自治区、直辖市）和新疆生产建设兵团报告，现有确诊病例21826例（其中重症病例87例），累计治愈出院病例141898例，累计死亡病例4638例，累计报告确诊病例168362例，现有疑似病例26例。累计追踪到密切接触者2739650人，尚在医学观察的密切接触者453136人。
31个省（自治区、直辖市）和新疆生产建设兵团报告新增无症状感染者26525例，其中境外输入105例，本土26420例（上海25141例，吉林852例，江苏71例，广西71例，安徽60例，湖北44例，河北37例，辽宁31例，浙江19例，山东19例，江西16例，河南11例，青海11例，云南10例，广东9例，福建7例，山西4例，四川3例，黑龙江2例，天津1例，内蒙古1例）。
当日解除医学观察的无症状感染者8317例，其中境外输入105例，本土8212例（上海6044例，吉林1439例，河北224例，福建125例，辽宁98例，山东80例，江苏59例，江西36例，安徽21例，河南18例，云南17例，黑龙江13例，广东11例，广西8例，甘肃8例，天津5例，湖北3例，山西1例，重庆1例，新疆1例）；当日转为确诊病例158例（境外输入6例）；尚在医学观察的无症状感染者258374例（境外输入881例）。
累计收到港澳台地区通报确诊病例337453例。其中，香港特别行政区308705例（出院60660例，死亡8886例），澳门特别行政区82例（出院82例），台湾地区28666例（出院13742例，死亡854例）。



（注：媒体引用时，请标注“信息来自国家卫生健康委员会官方网站”。）
          
            
            
            
             
                分享到"
"1650010539-115","http://www.nhc.gov.cn/xcs/yqtb/list_gzbd.shtml","截至4月2日24时新型冠状病毒肺炎疫情最新情况","http://www.nhc.gov.cn/xcs/yqtb/202204/59aa5321ed4e438e9315c3414f6d7596.shtml","2022-04-03","4月2日0—24时，31个省（自治区、直辖市）和新疆生产建设兵团报告新增确诊病例1506例。其中境外输入病例51例（四川30例，广东10例，上海6例，福建3例，广西2例），含19例由无症状感染者转为确诊病例（均在四川）；本土病例1455例（吉林956例，其中长春市723例、吉林市230例、四平市2例、白城市1例；上海438例，其中浦东新区107例、闵行区57例、徐汇区44例、普陀区38例、宝山区35例、虹口区31例、黄浦区27例、嘉定区27例、静安区25例、杨浦区19例、松江区8例、奉贤区8例、长宁区6例、青浦区3例、崇明区3例；浙江11例，其中杭州市2例、湖州市2例、金华市2例、宁波市1例、嘉兴市1例、绍兴市1例、衢州市1例、丽水市1例；福建8例，其中泉州市7例、厦门市1例；山东6例，其中济南市3例、青岛市1例、德州市1例、菏泽市1例；四川6例，其中成都市3例、遂宁市2例、德阳市1例；黑龙江5例，均在哈尔滨市；江苏5例，其中宿迁市3例、徐州市1例、苏州市1例；海南3例，均在三亚市；陕西3例，其中宝鸡市2例、西安市1例；辽宁2例，均在沈阳市；安徽2例，其中淮南市1例、淮北市1例；江西2例，其中南昌市1例、吉安市1例；广东2例，其中广州市1例、肇庆市1例；天津1例，在南开区；河北1例，在邯郸市；山西1例，在大同市；湖南1例，在衡阳市；广西1例，在玉林市；新疆1例，在乌鲁木齐市），含118例由无症状感染者转为确诊病例（上海73例，吉林28例，浙江5例，福建5例，山东4例，江西1例，广东1例，四川1例）。无新增死亡病例。无新增疑似病例。
当日新增治愈出院病例2468例，解除医学观察的密切接触者23422人，重症病例较前一日减少1例。
境外输入现有确诊病例653例（无重症病例），现有疑似病例19例。累计确诊病例17604例，累计治愈出院病例16951例，无死亡病例。
截至4月2日24时，据31个省（自治区、直辖市）和新疆生产建设兵团报告，现有确诊病例26167例*（其中重症病例57例），累计治愈出院病例123933例**，累计死亡病例4638例，累计报告确诊病例154738例，现有疑似病例19例。累计追踪到密切接触者2390486人，尚在医学观察的密切接触者372642人。
31个省（自治区、直辖市）和新疆生产建设兵团报告新增无症状感染者11781例，其中境外输入90例，本土11691例（上海7788例，其中浦东新区1949例、徐汇区991例、闵行区765例、黄浦区631例、嘉定区587例、松江区565例、宝山区445例、普陀区351例、虹口区313例、静安区301例、杨浦区256例、青浦区221例、奉贤区150例、崇明区108例、长宁区94例、金山区61例；吉林3499例，其中长春市3100例、吉林市397例、白山市1例、白城市1例；安徽93例，其中淮南市61例、阜阳市14例、滁州市7例、马鞍山市3例、芜湖市2例、蚌埠市2例、六安市2例、安庆市1例、宣城市1例；辽宁43例，其中沈阳市33例、葫芦岛市4例、大连市3例、营口市3例；江苏42例，其中苏州市15例、南通市12例、宿迁市7例、镇江市3例、南京市1例、无锡市1例、徐州市1例、盐城市1例、泰州市1例；福建42例，其中泉州市40例、福州市1例、莆田市1例；江西38例，其中南昌市29例、抚州市6例、上饶市3例；河北35例，其中邯郸市22例、保定市13例；河南20例，其中周口市16例、郑州市2例、永城市2例；湖北18例，其中随州市14例、黄石市3例、武汉市1例；黑龙江12例，其中佳木斯市8例、哈尔滨市2例、伊春市1例、黑河市1例；浙江8例，其中嘉兴市4例、杭州市2例、宁波市1例、金华市1例；山东8例，其中临沂市3例、淄博市1例、枣庄市1例、德州市1例、聊城市1例、滨州市1例；广东8例，其中东莞市5例、揭阳市2例、深圳市1例；甘肃7例，均在兰州市；海南6例，其中三亚市5例、海口市1例；云南6例，其中昆明市2例、曲靖市2例、德宏傣族景颇族自治州2例；四川5例，其中成都市3例、乐山市2例；新疆4例，其中昌吉回族自治州2例、巴音郭楞蒙古自治州2例；天津3例，其中西青区2例、津南区1例；广西3例，其中桂林市2例、百色市1例；湖南1例，在长沙市；重庆1例，在江北区；贵州1例，在黔西南布依族苗族自治州）；当日转为确诊病例137例（境外输入19例）；当日解除医学观察1841例（境外输入84例）；尚在医学观察的无症状感染者73689例（境外输入1105例）。
累计收到港澳台地区通报确诊病例329012例。其中，香港特别行政区304897例（出院50093例，死亡8061例），澳门特别行政区82例（出院82例），台湾地区24033例（出院13742例，死亡853例）。
注：*吉林核增1例
　　**吉林核减1例




（注：媒体引用时，请标注“信息来自国家卫生健康委员会官方网站”。）

          
            
            
            
             
                分享到"
"1650010557-123","http://www.nhc.gov.cn/xcs/yqtb/list_gzbd.shtml","截至4月10日24时新型冠状病毒肺炎疫情最新情况","http://www.nhc.gov.cn/xcs/yqtb/202204/55ed24b2f78b446fb97ecae797cc8ec7.shtml","2022-04-11","4月10日0—24时，31个省（自治区、直辖市）和新疆生产建设兵团报告新增确诊病例1184例。其中境外输入病例20例（四川8例，广西4例，上海3例，广东3例，北京1例，江西1例），含9例由无症状感染者转为确诊病例（四川7例，广西2例）；本土病例1164例（上海914例，其中松江区291例、浦东新区209例、闵行区101例、嘉定区71例、杨浦区61例、徐汇区44例、黄浦区37例、静安区28例、宝山区21例、奉贤区16例、金山区15例、普陀区8例、虹口区6例、长宁区5例、青浦区1例；吉林187例，其中长春市102例、吉林市66例、白城市16例、四平市2例、辽源市1例；广东19例，其中广州市18例、中山市1例；浙江9例，其中宁波市4例、嘉兴市3例、湖州市1例、绍兴市1例；福建9例，其中宁德市6例、泉州市3例；江苏7例，其中南京市3例、苏州市2例、徐州市1例、连云港市1例；陕西7例，其中西安市6例、渭南市1例；山东2例，其中济南市1例、青岛市1例；海南2例，均在三亚市；四川2例，均在成都市；云南2例，其中曲靖市1例、普洱市1例；山西1例，在太原市；辽宁1例，在沈阳市；安徽1例，在阜阳市；江西1例，在南昌市），含90例由无症状感染者转为确诊病例（上海47例，吉林31例，浙江3例，福建2例，海南2例，四川2例，辽宁1例，安徽1例，云南1例）。无新增死亡病例。无新增疑似病例。
当日新增治愈出院病例1378例，解除医学观察的密切接触者26796人，重症病例较前一日减少4例。
境外输入现有确诊病例370例（无重症病例），现有疑似病例28例。累计确诊病例17881例，累计治愈出院病例17511例，无死亡病例。
截至4月10日24时，据31个省（自治区、直辖市）和新疆生产建设兵团报告，现有确诊病例22395例（其中重症病例76例），累计治愈出院病例138544例，累计死亡病例4638例，累计报告确诊病例165577例，现有疑似病例28例。累计追踪到密切接触者2687823人，尚在医学观察的密切接触者457580人。
31个省（自治区、直辖市）和新疆生产建设兵团报告新增无症状感染者26411例，其中境外输入66例，本土26345例（上海25173例，其中浦东新区6501例、徐汇区3109例、闵行区3055例、宝山区1805例、杨浦区1782例、黄浦区1741例、松江区1536例、嘉定区1333例、虹口区1272例、普陀区992例、青浦区879例、静安区580例、长宁区422例、奉贤区69例、崇明区54例、金山区43例；吉林797例，其中长春市743例、吉林市46例、辽源市7例、白山市1例；河北100例，其中保定市67例、邯郸市31例、定州市2例；安徽68例，其中阜阳市32例、六安市30例、合肥市3例、淮南市2例、滁州市1例；江苏46例，其中苏州市12例、南通市9例、镇江市9例、南京市7例、连云港市3例、宿迁市2例、徐州市1例、常州市1例、淮安市1例、泰州市1例；湖北33例，其中武汉市12例、黄冈市10例、鄂州市8例、恩施土家族苗族自治州2例、随州市1例；浙江28例，其中杭州市17例、嘉兴市8例、金华市2例、宁波市1例；江西19例，均在南昌市；广东18例，其中广州市9例、佛山市8例、深圳市1例；山东13例，其中济南市7例、临沂市4例、日照市1例、菏泽市1例；辽宁12例，其中沈阳市9例、鞍山市2例、锦州市1例；福建9例，均在宁德市；云南8例，其中普洱市4例、文山壮族苗族自治州3例、昆明市1例；海南5例，均在三亚市；河南4例，其中郑州市2例、安阳市1例、永城市1例；山西3例，其中太原市2例、运城市1例；黑龙江3例，均在牡丹江市；新疆3例，均在乌鲁木齐市；广西2例，其中防城港市1例、崇左市1例；四川1例，在绵阳市）；当日转为确诊病例99例（境外输入9例）；当日解除医学观察2364例（境外输入85例）；尚在医学观察的无症状感染者219896例（境外输入899例）。
累计收到港澳台地区通报确诊病例335918例。其中，香港特别行政区308426例（出院58870例，死亡8770例），澳门特别行政区82例（出院82例），台湾地区27410例（出院13742例，死亡854例）。



（注：媒体引用时，请标注“信息来自国家卫生健康委员会官方网站”。）

          
            
            
            
             
                分享到"
"1650010523-108","http://www.nhc.gov.cn/xcs/yqtb/list_gzbd.shtml","截至3月26日24时新型冠状病毒肺炎疫情最新情况","http://www.nhc.gov.cn/xcs/yqtb/202203/f1a03179678647b085242a8d578b3ed9.shtml","2022-03-27","3月26日0—24时，31个省（自治区、直辖市）和新疆生产建设兵团报告新增确诊病例1254例。其中境外输入病例37例（四川12例，广东8例，广西7例，上海6例，北京1例，天津1例，浙江1例，湖南1例），含15例由无症状感染者转为确诊病例（四川11例，天津1例，浙江1例，湖南1例，广东1例）；本土病例1217例（吉林1071例，其中长春市633例、吉林市434例、四平市4例；上海47例，其中闵行区15例、嘉定区9例、宝山区6例、徐汇区5例、静安区3例、浦东新区3例、长宁区2例、杨浦区2例、普陀区1例、虹口区1例；辽宁28例，其中沈阳市16例、营口市7例、鞍山市2例、大连市1例、铁岭市1例、葫芦岛市1例；天津16例，其中河北区6例、东丽区3例、西青区3例、河东区2例、南开区1例、北辰区1例；河南14例，其中周口市13例、洛阳市1例；河北10例，其中唐山市5例、廊坊市5例；黑龙江8例，其中哈尔滨市7例、绥化市1例；山东5例，其中滨州市4例、威海市1例；湖南4例，其中长沙市2例、怀化市2例；安徽2例，均在芜湖市；江西2例，均在南昌市；广东2例，其中茂名市1例、汕尾市1例；甘肃2例，其中兰州市1例、天水市1例；北京1例，在通州区；江苏1例，在泰州市；浙江1例，在湖州市；福建1例，在泉州市；云南1例，在德宏傣族景颇族自治州；陕西1例，在安康市），含124例由无症状感染者转为确诊病例（吉林103例，天津6例，河北6例，辽宁4例，上海2例，江西1例，山东1例，甘肃1例）。无新增死亡病例。无新增疑似病例。
当日新增治愈出院病例999例，解除医学观察的密切接触者24643人，重症病例较前一日增加3例。
境外输入现有确诊病例996例（其中重症病例1例），现有疑似病例13例。累计确诊病例17253例，累计治愈出院病例16257例，无死亡病例。
截至3月26日24时，据31个省（自治区、直辖市）和新疆生产建设兵团报告，现有确诊病例27567例（其中重症病例53例），累计治愈出院病例111035例，累计死亡病例4638例，累计报告确诊病例143240例，现有疑似病例13例。累计追踪到密切接触者2212014人，尚在医学观察的密切接触者382398人。
31个省（自治区、直辖市）和新疆生产建设兵团报告新增无症状感染者4448例，其中境外输入115例，本土4333例（上海2631例，其中闵行区955例、徐汇区327例、浦东新区322例、嘉定区233例、黄浦区159例、宝山区147例、静安区105例、奉贤区85例、松江区82例、普陀区68例、虹口区48例、长宁区27例、崇明区27例、杨浦区22例、青浦区20例、金山区4例；吉林1007例，其中吉林市509例、长春市495例、辽源市2例、松原市1例；福建264例，其中泉州市261例、漳州市3例；河北142例，其中廊坊市72例、唐山市70例；辽宁82例，其中沈阳市41例、营口市25例、大连市13例、辽阳市2例、鞍山市1例；山东64例，其中滨州市47例、潍坊市6例、泰安市4例、临沂市3例、青岛市3例、聊城市1例；天津30例，其中西青区11例、河北区8例、河东区3例、静海区3例、东丽区2例、和平区1例、河西区1例、南开区1例；江苏16例，其中苏州市10例、南通市2例、南京市1例、无锡市1例、徐州市1例、连云港市1例；安徽16例，其中铜陵市10例、芜湖市4例、合肥市1例、蚌埠市1例；甘肃14例，其中兰州市8例、天水市5例、临夏回族自治州1例；云南12例，其中德宏傣族景颇族自治州8例、红河哈尼族彝族自治州2例、文山壮族苗族自治州2例；江西11例，其中南昌市10例、宜春市1例；广西11例，其中防城港市8例、崇左市2例、百色市1例；河南10例，其中焦作市5例、周口市3例、郑州市2例；广东8例，其中深圳市3例、东莞市3例、汕尾市1例、清远市1例；陕西5例，均在安康市；浙江4例，其中嘉兴市2例、杭州市1例、金华市1例；黑龙江3例，其中哈尔滨市1例、七台河市1例、绥化市1例；内蒙古2例，均在呼和浩特市；重庆1例，在南岸区）；当日转为确诊病例139例（境外输入15例）；当日解除医学观察651例（境外输入169例）；尚在医学观察的无症状感染者34508例（境外输入1338例）。
累计收到港澳台地区通报确诊病例306043例。其中，香港特别行政区283395例（出院41804例，死亡7101例），澳门特别行政区82例（出院80例），台湾地区22566例（出院13742例，死亡853例）。




 （注：媒体引用时，请标注“信息来自国家卫生健康委员会官方网站”。）
 
          
            
            
            
             
                分享到"
